0,1,2,3,4,5,6,7,8,9
bbc,reuters,youtube,youtube,jpost,newsweek,nytimes,expressdigest,investing,wetinhappen
reuters,jpost,refworld,wikipedia,aljazeera,npr,theguardian,cbsnews,cfr,wsj
reuters,wikipedia,wikipedia,antiwar,dailymail,google,theautomaticearth,crediblecarbon,hurriyetdailynews,theguardian
reuters,reddit,nytimes,nytimes,cnn,theatlantic,newyorker,bbc,scmp,business-standard
reuters,nytimes,wikipedia,go,irishtimes,twitter,theguardian,wsj,dailymail,dw
reuters,infomigrants,xinhuanet,v4report,occrp,thesun,europa,europa,migrationpolicy,google
reuters,reuters,go,wilsoncenter,apnews,washingtonpost,washingtonpost,wikipedia,wikipedia,bbc
reuters,antiwar,wikipedia,wikipedia,dur,balkaninsight,fara,refworld,cornell,issuu
reuters,haaretz,timesofisrael,usnews,bbc,wsj,npr,theledger,wikipedia,washingtonpost
reuters,wikipedia,ynetnews,aljazeera,un,channelnewsasia,palestineupdates,globalpolicy,jewishvirtuallibrary,presstv
reuters,reuters,tempo,blogspot,blogspot,blogspot,blogspot,blogspot,blogspot,google
wikipedia,reuters,time,thehindubusinessline,japantimes,irrawaddy,irrawaddy,theguardian,aljazeera,washingtonpost
reuters,smh,reddit,facebook,wikipedia,international,unhcr,twitter,twitter,google
reuters,reuters,thestar,nestia,usnews,pitt,nytimes,nasdaq,cnn,google
reuters,reuters,wikipedia,wikipedia,cnbc,cleanenergywire,bloomberg,xinhuanet,vox,google
reuters,reliefweb,terradaily,wikipedia,nytimes,reading,abc,garda,nasa,google
reuters,todayonline,bbc,wikipedia,townandcountrymag,hellomagazine,thesun,thesun,dailymail,google
reuters,reuters,nytimes,dw,bbc,theguardian,theatlantic,npr,wikipedia,jacobinmag
reuters,wng,nytimes,foreignpolicy,cnn,bbc,bloomberg,straitstimes,washingtonpost,google
reuters,enca,businesslive,washingtonpost,nytimes,wikipedia,cnn,ghheadlines,theguardian,google
reuters,reuters,rferl,ft,uniindia,europa,dailysabah,heritage,mid,google
reuters,apnews,apnews,rferl,rferl,rferl,foxnews,wikipedia,newsok,thelocal
reuters,reuters,nytimes,nytimes,insurancejournal,insurancejournal,theguardian,theguardian,wsws,dailymail
reuters,reuters,yahoo,washingtonpost,moi,ft,theguardian,theguardian,fortune,middleeastmonitor
reuters,reddit,reddit,wikipedia,wgme,cpj,nbcmontana,kfoxtv,dpa-international,google
reuters,thediplomat,thediplomat,rand,military,scmp,nypost,japantimes,jamestown,businessinsider
aa,reuters,businessinsider,middleeastmonitor,amnestyusa,crisisgroup,wikipedia,presstv,newssafety,google
reuters,reuters,hamodia,yahoo,thisismoney,pond5,dailytimes,maryland,apnews,reddit
reuters,reuters,hurriyetdailynews,yahoo,cnbc,cleanenergywire,bbc,wikipedia,dw,google
reuters,reuters,wikipedia,blogspot,dailymail,google,thestar,dailykos,cityofomaha,blogspot
reuters,jpost,tvcnews,pimacountyfair,learningfromlyrics,nationalheraldindia,wikipedia,pond5,burlingtonfreepress,google
reuters,thestar,trust,wikipedia,wikipedia,auswaertiges-amt,rand,fas,bayancenter,google
reuters,newsincyprus,nnn,clicklancashire,ahvalnews,vanguardngr,stepupsuncoast,presstv,xinhuanet,dailymail
reuters,jpost,thestar,ewn,yahoo,angop,portalangop,jimbakkershow,hamodia,dailymail
reuters,themoscowtimes,tass,tass,mid,rferl,euronews,iranwatch,forbes,japantimes
reuters,angop,thestar,yahoo,portalangop,foreignaffairs,wikipedia,wikipedia,jstor,nccu
reuters,reuters,theshillongtimes,tribuneindia,nestia,baaz,tvcnews,dailystar,twitter,google
reuters,brookings,todayonline,thestar,moneyweb,wikipedia,wikipedia,journalofdemocracy,nytimes,un
reuters,hindustantimes,reliefweb,middleeastmonitor,yenisafak,bbc,bbc,mwatana,amnesty,google
reuters,todayonline,inquirer,sagepub,wikipedia,pbs,chinadailyhk,philstar,rappler,google
reuters,thenews,youtube,youtube,defence,dailymotion,mei,twitter,firstpost,morning
reuters,sharjah24,oas,npr,telesurenglish,egypttoday,newyorker,nytimes,coha,google
reuters,angop,todayonline,ewn,msn,news18,antiguaobserver,yahoo,maryland,portalangop
reuters,wikipedia,wikipedia,wsj,foreignaffairs,bloomberg,nytimes,senate,voanews,google
reuters,thestar,angop,todayonline,portalangop,businessinsider,yahoo,thearabianpost,crunchbase,google
apnews,reuters,wsj,todayonline,royalcentral,businessinsider,timesofisrael,dispatch,wikipedia,euronews
reuters,blogspot,noovell,noovell,dailymail,carbonbrief,countrywatch,blogspot,wikipedia,google
reuters,reliefweb,rediff,tribuneindia,reddit,angop,nazret,qz,usnews,qatar-tribune
reuters,safetravelsmagazine,timelines,army,noovell,dailymail,google,investing,cmu,economist
reuters,jakartaglobe,jpost,thestar,yahoo,ewn,reddit,theatlantic,abs-cbn,nytimes
reuters,yahoo,thestar,abs-cbn,dailymail,dailymail,youtube,youtube,ewn,bangkokpost
tercerainformacion,reuters,newsahead,wikipedia,bbc,theguardian,nytimes,as-coa,britannica,nestia
reuters,moi,pond5,postguam,indiatimes,pitt,nairaland,justdial,cyprus-mail,google
reuters,thestar,yahoo,thisismoney,apnews,apnews,nytimes,univision,radiohc,beaconjournal
reuters,wsj,news4jax,arkansasonline,fortune,timesofisrael,euronews,washingtonpost,csmonitor,google
reuters,crfimmadagascar,firstpost,aiddata,noovell,obortunity,belfercenter,crisisgroup,wm,google
reuters,trendolizer,wsj,postguam,timesofislamabad,malaysiakini,euractiv,washingtonpost,wikipedia,google
reuters,clarionindia,time,timesofislamabad,wetinhappen,icj-cij,blogspot,nst,noovell,blogspot
reuters,cbc,business-standard,tribuneonlineng,brookings,nytimes,facebook,washingtonpost,cfr,france24
bbc,reuters,alarabiya,yahoo,angop,nnn,thisismoney,ntd,afrasianet,google
reuters,jpost,moi,alarabiya,reddit,voiceofpeopletoday,lbcgroup,afrasianet,youtube,youtube
reuters,reuters,yahoo,todayonline,theguardian,bbc,brookings,chicagotribune,france24,dw
reuters,reuters,yahoo,investing,wikipedia,wikipedia,apnews,bbc,britannica,france24
reuters,reuters,todayonline,egypttoday,yahoo,as-coa,esisc,bti-project,europa,google
reuters,wikipedia,wikipedia,lbcgroup,france24,thaivisa,apnews,rferl,foreignpolicy,uniindia
reuters,reddit,euractiv,world-nuclear-news,leadersinenergy,arctic-sea-ice,clearpath,wikipedia,bloomberg,google
reuters,jpost,lbcgroup,reddit,mongabay,gethotnews,fdd,wikipedia,google,
reuters,colombiareports,bbc,theguardian,crisisgroup,crisisgroup,ifit-transitions,irishtimes,lawg,morningstaronline
reuters,nytimes,rferl,todayonline,dailysabah,thehill,thisismoney,washingtonpost,nypost,theguardian
reuters,euractiv,lawgupshup,lse,trendolizer,theguardian,npr,tandfonline,ft,ecfr
reuters,wikipedia,counterextremism,bbc,atlantis-press,thecolonialchronicle,trtworld,aljazeera,twitter,google
reuters,eluniversal,eluniversal,stanford,wikipedia,apnews,pbs,time,un,google
reuters,reuters,bloomberg,dw,thepeninsulaqatar,todayonline,usnews,intellinews,bnnbloomberg,google
reuters,nytimes,theguardian,npr,todayonline,nbcnews,thestar,globalnews,cnn,independent
cnbc,reuters,wikipedia,un,dw,thearabianpost,thaivisa,bbc,theguardian,google
reuters,aol,aol,alaraby,middleeasteye,reddit,twitter,wikipedia,timesofisrael,noovell
reuters,handelsblatt,handelsblatt,handelsblatt,handelsblatt,handelsblatt,wetinhappen,wikipedia,international-economy,google
reuters,nypost,hurriyetdailynews,thehindu,scmp,scmp,nwasianweekly,washingtontimes,indiatoday,chinadaily
reuters,jpost,nytimes,theguardian,nypost,timesofisrael,dailymail,baaz,rand,euronews
reuters,rferl,rferl,washingtonpost,youtube,youtube,youtube,youtube,voanews,voanews
reuters,thehindu,newsincyprus,newsmax,firstpost,twitter,twitter,catholicculture,boston25news,google
reuters,reuters,todayonline,yahoo,ghheadlines,wikipedia,tvcnews,bloomberg,trtworld,thestar
reuters,theguardian,washingtonpost,foxnews,wsj,nytimes,cbsnews,bbc,chicagotribune,france24
reuters,youtube,middleeastmonitor,democraticunderground,pinterest,mtv,globalrubbermarkets,dailystar,theatlantic,google
reuters,yahoo,asiaone,rand,go,benarnews,wikipedia,wikipedia,wikipedia,wikipedia
reuters,reuters,bbc,bbc,usatoday,usatoday,washingtonpost,dw,jpost,aljazeera
reuters,wikipedia,wikipedia,longwarjournal,trust,wilsoncenter,mtv,ndtv,rferl,yahoo
reuters,mtv,ndtv,jpost,kitco,baaz,democraticunderground,alaraby,aljazeera,google
reuters,arabnews,pond5,noovell,ghheadlines,blogspot,twitter,blogspot,pressreader,google
reuters,scmp,mtv,theguardian,wikipedia,wikipedia,wikipedia,wikipedia,wikipedia,nypost
reuters,phys,nbc16,mainichi,yourbasin,yahoo,wlos,news4sanantonio,businessinsider,foxnebraska
reuters,reuters,yahoo,bbc,politico,cnbc,bfna,theguardian,google,
reuters,jpost,france24,yahoo,yahoo,angop,portalangop,mtv,wionews,google
reuters,reuters,todayonline,dailystar,cyprus-mail,firstpost,dailymail,brexitcentral,politico,google
channelnewsasia,reuters,scmp,scmp,taipeitimes,businessinsider,taiwannews,rand,focustaiwan,google
reuters,nytimes,theguardian,aawsat,wsj,ndtv,angop,dawn,straitstimes,straitstimes
reuters,jpost,todayonline,middleeastmonitor,yahoo,reddit,baltimorejewishlife,thisismoney,wikipedia,google
reuters,todayonline,baaz,youtube,youtube,twitter,freeamericanetwork,economictimes,hindustantimes,wikipedia
reuters,missiledefenseadvocacy,armscontrol,japantimes,stimson,wikipedia,cfr,foreignaffairs,csis,atlanticcouncil
reuters,tribuneindia,reliefweb,bdnews24,theweathernetwork,mtv,bbc,thecivilengineer,indianexpress,google
reuters,jpost,voanews,yahoo,ynetnews,thaivisa,dailysabah,the-star,manoramaonline,twitter
reuters,reuters,nbcnews,irishtimes,abc,bbc,bbc,wikipedia,ctvnews,youtube
theguardian,reuters,yahoo,latimes,wikipedia,theintercept,facebook,twitter,wsj,google
telegraph,reuters,reuters,nytimes,independent,twitter,foreignaffairs,politico,wikipedia,google
reuters,telegraph,yahoo,getbritainout,bbc,kantar,wikipedia,independent,dailymail,dailymail
reuters,yahoo,wikipedia,jacksonville,washingtonpost,bbc,go,miamiherald,france24,google
reuters,cnbc,nytimes,time,courthousenews,dw,wikipedia,france24,euractiv,theguardian
reuters,wikipedia,springer,ecpr,researchgate,foreignaffairs,sgi-network,belfercenter,wiley,loc
reuters,reuters,thestar,nestia,usnews,pitt,nytimes,nasdaq,cnn,google
reuters,reuters,reuters,reuters,reuters,reuters,firstpost,wikipedia,twitter,dearborn
reuters,reuters,nst,haaretz,middleeasteye,middleeasteye,middleeastmonitor,interaksyon,timesofisrael,aljazeera
yahoo,dw,cnn,xinhuanet,nytimes,reuters,reuters,theguardian,wikipedia,wikipedia
reuters,pinterest,sabcnews,blogspot,blogspot,twitter,noovell,todaytells,sina,google
reuters,euronews,youtube,youtube,wsj,theglobepost,wikipedia,hrw,aljazeera,independent
reuters,reuters,yahoo,irishtimes,bbc,politico,politico,newyorker,nytimes,nymag
reuters,reuters,timeslive,ghheadlines,fin24,biznews,worldbank,twitter,researchgate,google
reuters,abc,nytimes,todayonline,wikipedia,wikipedia,wikipedia,wikipedia,straitstimes,gcaptain
reuters,wikipedia,wikipedia,wetinhappen,apnews,go,americasquarterly,hrw,washingtonpost,google
reuters,thestar,theguardian,ft,ft,nytimes,wikipedia,telegraph,politico,google
reuters,reuters,theguardian,theguardian,usnews,nytimes,cfr,wikipedia,africanews,wsj
reuters,reuters,newsbreak,wikipedia,usnews,nytimes,flipboard,compuserve,stockopedia,conservapedia
jpost,reuters,jpost,middleeastmonitor,alarabiya,reddit,pinterest,firstpost,baptiststandard,google
reuters,arabstoday,aljazeera,wikipedia,wikipedia,arabnews,qatar-tribune,usma,foreignpolicy,google
reuters,wikipedia,pond5,royalcentral,baaz,metro,warsawinstitute,thetimes,pinterest,google
reuters,todayonline,dailystar,yahoo,nytimes,nytimes,ft,theguardian,euractiv,google
wikipedia,reuters,reuters,todayonline,wikipedia,ft,businessinsider,who,nytimes,google
reuters,portalangop,twitter,ghheadlines,bbc,justlearnwp,gisreportsonline,noovell,latestnigeriannews,google
reuters,cnbcafrica,usnews,nasdaq,chicagotribune,ewn,qiraatafrican,graphicnews,google,
reuters,angop,wikipedia,bbc,bbc,economist,bloomberg,theatlantic,nytimes,google
reuters,diplomatie,yahoo,azernews,mtv,mid,wikipedia,wikipedia,france24,google
reuters,metro,92newshd,noovell,wikipedia,scmp,abs-cbn,blogspot,theguardian,google
cnbc,reuters,tdwealth,fbi,fbi,dailytimes,itu,modernhealthcare,nytimes,google
reuters,religiousfreedomnews,tripsavvy,blogspot,noovell,wikipedia,theculturetrip,worldnomads,sailorinthailand,google
reuters,watoday,chinadaily,go,usnews,aljazeera,straitstimes,scmp,bbc,nation
reuters,yahoo,youtube,youtube,apnews,washingtonpost,13abc,twitter,dailymotion,nytimes
reuters,theshillongtimes,enca,wikipedia,wikipedia,gmu,un,journalofdemocracy,nyls,tandfonline
reuters,theshillongtimes,bbc,crisisgroup,wikipedia,conicyt,aljazeera,thisismoney,xinhuanet,aa
reuters,wikipedia,wikipedia,flickr,nytimes,drudgereportarchives,twitter,foreignpolicy,dailytimes,google
reuters,cruxnow,cruxnow,state,loc,pewresearch,christianpost,worldwatchmonitor,christianheadlines,google
reuters,cgtn,yahoo,vanguardngr,portalangop,financialexpress,newstage,uniindia,ghheadlines,africacheck
reuters,scmp,reliefweb,dw,abc,thisismoney,youtube,youtube,taipeitimes,noovell
reuters,reuters,irishtimes,straitstimes,ctvnews,nytimes,wikipedia,dailymail,usnews,bbc
wikipedia,reuters,nypost,newsweek,go,washingtonpost,theatlantic,theguardian,cnbc,millenniumpost
reuters,thaivisa,armscontrol,firstpost,aawsat,carnegieendowment,washingtonpost,bbc,wikipedia,1011now
reuters,reddit,reddit,theintercept,realcleardefense,pogo,hrw,noovell,google,
reuters,theguardian,theguardian,ft,ft,amnestyusa,wsj,wsj,cbsnews,npr
reuters,thestar,ndtv,nytimes,theguardian,ft,pen,wsj,wikipedia,google
reuters,reuters,reuters,reuters,reuters,reuters,firstpost,wikipedia,yjc,twitter
reuters,cnn,dailysabah,thehill,inshorts,armscontrol,indiatimes,rt,youtube,bbc
reuters,wikipedia,aljazeera,scmp,scmp,firstpost,wsj,wustl,enoughproject,google
reuters,reuters,theguardian,bbc,bbc,france24,nytimes,nytimes,crisisgroup,google
reuters,thezimbabwemail,brookings,wikipedia,jstor,jstor,uio,nytimes,barrons,google
bbc,reuters,youtube,youtube,moi,voanews,labourstart,icao,sierraleonenews,cgtn
reuters,apnews,economist,csmonitor,nytimes,bangkokpost,igc,brookings,theguardian,google
wikipedia,reuters,thisismoney,efe,wikipedia,nationalpost,apnews,am970theanswer,washingtonpost,google
reuters,pinterest,cnbc,sbs,worldwatchmonitor,focuswashington,globalnews,japantimes,firstpost,i24news
reuters,youtube,youtube,washingtonpost,13abc,seattletimes,wikipedia,as-coa,bostonglobe,voanews
reuters,thelocal,dw,dw,noovell,euronews,9-11commission,businessinsider,straitstimes,google
reuters,todayonline,financialexpress,businessinsider,rte,swp-berlin,usnews,blogspot,noovell,cgtn
reuters,arabnews,middleeastmonitor,jpost,qatar-tribune,wikipedia,wikipedia,timesofisrael,ethz,google
reuters,todayonline,yahoo,firstpost,twitter,turnto10,nbcwashington,blogspot,eugene-or,blogspot
reuters,reuters,nytimes,scmp,euronews,telesurenglish,usnews,theguardian,euobserver,cnn
reuters,straitstimes,asiaone,wikipedia,uniindia,nbc15,nltimes,irishtimes,msn,nbcchicago
reuters,moi,firstpost,wikipedia,thelocal,thelocal,cleanenergywire,euractiv,cnbc,google
reuters,thestar,tribuneindia,nytimes,yahoo,yahoo,telesurenglish,scmp,theguardian,google
reuters,middleeastmonitor,theguardian,theguardian,wikipedia,wikipedia,foreignpolicy,fas,bbc,un
reuters,straitstimes,moneyweb,thisismoney,noovell,wikipedia,actsa,shafaqna,sabcnews,google
reuters,firstpost,wikipedia,blogspot,foreignaffairs,britannica,newslocker,un,marxists,jstor
reuters,reuters,yahoo,brecorder,wsj,wikipedia,cfr,theintercept,lasaweb,google
reuters,thisismoney,euronews,amnestyusa,euractiv,cbs6albany,brookings,wikipedia,csce,google
reuters,sportsbusinessdaily,europa,theepochtimes,blogspot,cnbc,pinterest,economictimes,theverge,google
reuters,bbc,theguardian,go,washingtonpost,nbcnews,cnn,time,chicagotribune,nytimes
reuters,reuters,firstpost,business-standard,unhcr,dailymail,dailymail,noovell,blogspot,google
reuters,indianexpress,reddit,crisisgroup,nytimes,armscontrol,ncnk,thenation,brookings,bloomberg
reuters,ynetnews,thisismoney,npr,state,aljazeera,apnews,wikipedia,washingtonpost,google
reuters,reddit,americamagazine,cnn,fox61,theguardian,bbc,wsj,spectator,straitstimes
reuters,tandfonline,wikipedia,wikipedia,fas,washingtonpost,alaraby,foreignaffairs,state,google
reuters,dailymail,google,pond5,nytimes,agriculture,dissentmagazine,voanews,gbpusdchart,blogspot
reuters,wsj,eurotopics,hrw,wikipedia,europa,europa,who,crisisgroup,unhcr
reuters,wikipedia,wikipedia,noovell,cnn,thefiscaltimes,opensecrets,newslocker,dailymail,google
reuters,reddit,wikipedia,trendolizer,pinterest,apnews,wilsoncenter,twitter,hrw,btselem
reuters,reuters,middleeastmonitor,egypttoday,trust,thestar,todayonline,dailystar,timesofisrael,google
bbc,reuters,tampabay,theguardian,nytimes,wikipedia,upi,abcnews4,ndtv,jamaicaobserver
reuters,reddit,nytimes,wikipedia,wikipedia,bbc,nltimes,qnl,facebook,google
reuters,cbc,wikipedia,theguardian,twitter,kltv,europa,wokv,nhtsa,google
reuters,reuters,yjc,untvweb,nationalinterest,japantimes,brookings,cfr,armscontrol,google
reuters,usnews,jpost,news18,yahoo,dailysabah,wlfi,kgns,thedenverchannel,presstv
reuters,wikipedia,wikipedia,crisisgroup,financialtribune,armscontrol,nytimes,nfhs,aljazeera,google
reuters,justice,securitycouncilreport,cfr,globalpolicy,un,atlanticcouncil,horninstitute,tufts,google
reuters,middleeastmonitor,hrw,un,un,icrc,wikipedia,kurdistan24,minorityrights,google
todayonline,ynetnews,apnews,un,un,un,un,un,swp-berlin,google
reuters,reuters,news18,firstpost,pond5,blogspot,wikipedia,pinterest,crisisgroup,google
reuters,ohchr,yahoo,amnestyusa,reliefweb,hrw,refworld,state,dailyworld,un
reuters,wikipedia,wikipedia,wikipedia,wikipedia,wikipedia,nytimes,nytimes,angop,apnews
wikipedia,reuters,reuters,business-standard,apnews,voanews,bbc,post-gazette,telegraph,wdbj7
reuters,blogspot,blogspot,parlgov,blogspot,blogspot,thehill,atlanticcouncil,wikipedia,google
reuters,politico,scmp,foreignpolicy,foreignpolicy,nytimes,lawfareblog,theatlantic,nknews,cnbc
reuters,ynetnews,jpost,middleeastmonitor,un,upi,siasat,ajkerograbani,twitter,google
reuters,armscontrol,businessinsider,pond5,crisisgroup,jpost,nytimes,almanarnews,cfr,almanar
reuters,theguardian,thestar,todayonline,thestar,rabattoday,theshillongtimes,cbc,tandfonline,freeamericanetwork
reuters,todayonline,jpost,yahoo,hamodia,france24,apnews,timesofisrael,rfi,screenocean
reuters,aol,aol,thisismoney,crisisgroup,globalsistersreport,blogspot,pulitzercenter,house,nytimes
reuters,arabnews,wsj,middleeasteye,stanford,stanford,cfr,jpost,umaryland,latimes
reuters,seenthis,hrw,ohchr,martenscentre,thewire,waagacusub,euobserver,google,
reuters,thehindu,dw,reproductiverights,uniteforreprorights,wikipedia,tandfonline,theguardian,reddit,voanews
reuters,jmedia,theatlantic,nytimes,wikipedia,ed,thelocal,dailymail,google,
reuters,firstpost,ft,wikipedia,euractiv,euractiv,politico,wsws,chinadaily,dw
reuters,news18,firstpost,finance,ds-santacruz,breedbit,justdial,sky,nnn,wired
reuters,instituteforgovernment,agriculture,express,realvision,indiatimes,europa,senate,prospectmagazine,google
reuters,dailysabah,dailysabah,cnbc,dw,cgsrs,wikipedia,institutmontaigne,aa,google
reuters,todayonline,alianzanews,yahoo,wsj,gettyimages,nytimes,as-coa,theatlantic,google
reuters,voanews,nytimes,nytimes,politico,go,europeaninterest,time,wikipedia,wikipedia
reuters,wikipedia,theatlantic,nytimes,centerdebutantes,scotsman,escuelajauja,google,,
reuters,wikipedia,foreignpolicy,foreignpolicy,foreignpolicy,foreignpolicy,foreignaffairs,nytimes,nytimes,jstor
reuters,yenisafak,theguardian,cnbc,rte,wikipedia,wikipedia,wikipedia,wikipedia,wikipedia
reuters,kurdistan24,france24,wsws,nytimes,business-standard,uniraq,un,un,google
reuters,todayonline,nytimes,rimtoday,themoscowtimes,wikipedia,blogspot,fas,jpost,jamestown
reuters,thestar,todayonline,yahoo,invst,wsj,bbc,wikipedia,wikipedia,arstechnica
reuters,reuters,hindustantimes,yahoo,politico,theguardian,theguardian,nytimes,pond5,independent
reuters,todayonline,yahoo,tass,4freerussia,atlanticcouncil,motherjones,wikipedia,france24,google
reuters,jpost,dailymail,trendolizer,138.201.137.196,axios,ft,wikipedia,foreignaffairs,google
reuters,prcleader,noovell,blogspot,labourstart,twitter,blogspot,blogspot,newslocker,hindustantimes
reuters,meetthemiddleeast,blogspot,twitter,blogspot,blogspot,muckrack,blogspot,newssummedup,google
reuters,todayonline,coe,cairn-int,wikipedia,bbc,britannica,ipu,emerging-europe,accesswdun
reuters,chinausfocus,interaksyon,samaa,twitter,carnegieendowment,defense,voanews,usnews,turkishmaritime
reuters,news18,moneycontrol,wikipedia,investopedia,vox,eurotopics,europa,nytimes,google
reuters,todayonline,yahoo,europa,wikipedia,wikipedia,arabeconomicnews,caribbeanbusiness,vilniusinstitute,ft
reuters,huffingtonpost,indianexpress,washingtonpost,pinterest,policyexchange,themoscowtimes,bloom,pinterest,google
reuters,reuters,businessinsider,yahoo,ynetnews,novinite,trust,todayonline,indiatoday,news18
reuters,alarabiya,dailystar,thestar,russiancouncil,tass,iai,bbc,google,
reuters,reuters,angop,portalangop,tass,tass,europa,scoopernews,carnegieendowment,ruaviation
straitstimes,reuters,pinterest,rfa,twitter,justlearnwp,todaytells,dtnpf,fas,google
reuters,reuters,wikipedia,history,cfr,carnegieendowment,vox,lowyinstitute,brookings,google
reuters,scoopernews,nytimes,wikipedia,carnegieeurope,fpri,armscontrol,google,,
todayonline,reuters,yahoo,nytimes,nytimes,theguardian,theguardian,irishtimes,washingtonpost,wikipedia
wikipedia,reuters,dailymail,straitstimes,scmp,scmp,abs-cbn,investigationdiscovery,expressdigest,uniindia
reuters,jpost,bangkokpost,bangkokpost,straitstimes,jstor,jstor,wikipedia,thehill,crisisgroup
reuters,jpost,armscontrol,wikipedia,carnegieendowment,marines,google,,,
reuters,reuters,unitedagainstnucleariran,pinterest,khaleejtimes,dia,chinadaily,bbc,aljazeera,nytimes
ynetnews,reuters,thisismoney,pinterest,newsweek,antiwar,timesofisrael,jpost,theintercept,google
reuters,wikipedia,chinaembassy,china-un,brookings,aclu,corteidh,hrw,chathamhouse,aljazeera
reuters,nytimes,bbc,bbc,washingtonpost,washingtonpost,cnn,miamiherald,france24,theguardian
reuters,reuters,newagebd,alarabiya,nytimes,un,npr,thebaron,usnews,google
reuters,todayonline,yahoo,malaymail,trust,jpost,jpost,mofa,upi,intellasia
reuters,aljazeera,wikipedia,wikipedia,abc,abc,lowyinstitute,forbes,japantimes,google
reuters,radiohc,noovell,dailymotion,dailymotion,wikipedia,wikipedia,chicagotribune,fec,google
politico,politico,apnews,usatoday,reuters,reuters,cnbc,aljazeera,wsj,cnn
reuters,wetinhappen,nytimes,nytimes,wikipedia,accessnorthga,witpress,rpgs-r-us,theatlantic,google
thehill,cnn,cnn,businessinsider,bbc,nbcnews,thedailybeast,reuters,upi,bloomberg
reuters,nytimes,emerald,spglobal,ft,democraticunderground,as-coa,france24,twitter,latinnews
reuters,financialtribune,youtube,youtube,nbcnews,tribune,mediapart,knpr,wikipedia,usatoday
reuters,politico,euronews,dw,nytimes,nytimes,wikipedia,bloomberg,ft,irishtimes
reuters,pm,irpp,unwomen,theglobeandmail,globalnews,imf,mapleridgenews,icrw,thestar
wikipedia,reuters,npr,theguardian,dea,bbc,justice,nypost,businessinsider,univision
reuters,reuters,wikipedia,wikipedia,nytimes,nytimes,cnn,dailymail,thomhartmann,google
reuters,apnews,newdelhitimes,firstpost,startribune,japantoday,msn,scmp,abc3340,google
reuters,reuters,theguardian,bbc,lordgrey,wikipedia,independent,google,,
reuters,yahoo,trust,straitstimes,xinhuanet,xinhuanet,famagusta-gazette,independent,tasnimnews,google
reuters,ynetnews,jpost,cyprus-mail,un,nytimes,voanews,newshub,wikipedia,google
reuters,i24news,wikipedia,independent,cnn,telegraph,nydailynews,irishcentral,politico,calgaryherald
reuters,thestar,yahoo,uniindia,wikipedia,wikipedia,aljazeera,un,nytimes,google
reuters,nationalpost,bbc,cbc,wikipedia,globalnews,khou,go,go,yahoo
reuters,thisismoney,noovell,justice,state,ncjrs,wilsoncenter,springer,columbialawreview,google
reuters,reuters,themoscowtimes,cnbc,dw,euractiv,europa,wikipedia,foi,carnegieendowment
ukrinform,reuters,thestar,todayonline,voanews,europa,dw,wikipedia,wikipedia,themoscowtimes
reuters,firstpost,justdial,antiwar,menafn,kitco,blogspot,middleeasteye,washingtonpost,google
reuters,twitter,undocs,senate,criticalthreats,securityassistance,ieee,georgetownsecuritystudiesreview,tnsr,ssrn
reuters,wikipedia,aljazeera,economist,qz,theguardian,hrw,washingtonpost,foreignpolicy,google
reuters,airforcetimes,timesofisrael,cnn,nbcnews,washingtonpost,todayonline,rferl,independent,fortune
reuters,kmfsllp,go,brazilian,ebc,wsj,wsj,washingtonpost,washingtonpost,aljazeera
reuters,jpost,mtv,ynetnews,fas,crisisgroup,wikipedia,aljazeera,nytimes,un
reuters,wilsoncenter,wikipedia,wikipedia,bbc,bbc,apnews,stanford,nytimes,nbcnews
reuters,wikipedia,wikipedia,thecanadianencyclopedia,politico,nationalpost,citynews,assembly,thestar,bbc
reuters,euractiv,politico,washingtonpost,trtworld,google,,,,
reuters,verifiedvoting,firstpost,nytimes,wikipedia,wikipedia,theconversation,techcrunch,wsj,fastcompany
reuters,noovell,wikipedia,wikipedia,firstpost,as-coa,reddit,toronto,newsunited,google
reuters,flipboard,apnews,npr,vox,bbc,newyorker,washingtonpost,timesofisrael,google
reuters,vosizneias,jpost,haaretz,wikipedia,mfa,btselem,electronicintifada,aclu,al-monitor
reuters,reddit,wikipedia,twitter,govinfo,lawfareblog,latimes,washingtonpost,senate,google
reuters,thehindu,mtv,bangkokpost,smh,firstpost,kyivpost,facebook,facebook,aol
reuters,kyivpost,thisismoney,independent,economist,wikipedia,seattletimes,poandpo,theintercept,google
reuters,reuters,reuters,europa,europa,euractiv,euractiv,thedailystar,firstpost,politico
reuters,voanews,ynetnews,counterextremism,wikipedia,wikipedia,warontherocks,al-monitor,fas,google
reuters,jpost,thestar,yahoo,arynews,thehill,courthousenews,providencejournal,startribune,seattletimes
reuters,kyivpost,themoscowtimes,google,,,,,,
reuters,yahoo,dw,euobserver,euobserver,ft,politico,cnn,atlanticcouncil,google
reuters,apnews,military,go,army,firstpost,stripes,theintercept,kalb,amnestyusa
reuters,todayonline,youtube,youtube,wikipedia,aljazeera,aljazeera,haaretz,timesofisrael,ucpress
reuters,jpost,news18,businessinsider,trust,mtv,swp-berlin,aljazeera,justdial,google
reuters,wired,thehill,wikipedia,washingtonpost,newsweek,aljazeera,independent,wilsoncenter,usatoday
reuters,noovell,blogspot,justlearnwp,newslocker,thomsonreuters,pond5,southdreamz,dailymail,blogspot
reuters,bloomberg,voanews,businessinsider,economist,carnegieendowment,theafricareport,globeafrique,ti-defence,am970theanswer
reuters,reuters,nytimes,rferl,dw,economist,theguardian,henryjacksonsociety,wikipedia,aljazeera
reuters,businesslive,firstpost,thesun,channel4,washingtonpost,washingtonpost,newsincyprus,theguardian,google
mercycorps,mercycorps,mercycorps,mercycorps,worldvision,worldvision,worldvision,worldvision,reuters,npr
reuters,nato,nato,wikipedia,wikipedia,bbc,europa,cfr,jardindeva,armscontrol
reuters,nst,ynetnews,middleeasteye,miamiherald,baptiststandard,independent,alaraby,gospelherald,google
reuters,pen,cpj,ohchr,wikipedia,voanews,straitstimes,politico,usip,google
reuters,bbc,wsj,wikipedia,wikipedia,nytimes,thisismoney,vox,bloomberg,aljazeera
reuters,thenews,nytimes,nytimes,wikipedia,nih,researchgate,researchgate,biomedcentral,google
reuters,trust,nato,nato,nato,nato,yahoo,trendolizer,foreignpolicy,cnbc
reuters,firstpost,cntraveler,latimes,marketwatch,flyersrights,thefiscaltimes,internationalcivilitytrainer,prnewswire,google
reuters,yahoo,theguardian,theguardian,ft,bbc,politico,dw,vox,newyorker
reuters,reuters,thestar,angop,cnn,xinhuanet,portalangop,apnews,nytimes,google
bbc,reuters,france24,cnbcafrica,angop,angop,youtube,youtube,thestar,portalangop
reuters,infowars,dw,dw,wikipedia,theguardian,theguardian,iamexpat,thelocal,google
reuters,cnn,care,bread,waterforsouthsudan,africanews,hrw,crisisgroup,treasury,google
reuters,todayonline,thestar,businessinsider,wikipedia,wikipedia,politico,europa,europa,apsanet
reuters,siasat,armscontrol,hoover,isis-online,researchgate,swp-berlin,aljazeera,voanews,google
reuters,politifact,politico,vox,pinterest,goldismoney2,go,news-leader,npr,google
reuters,reuters,yahoo,trendolizer,statewatch,twitter,fas,fas,middleeastmonitor,google
reuters,yahoo,thisismoney,uniindia,wikipedia,todaytells,antiwar,apnews,theguardian,google
reuters,news,pond5,wordpress,hurriyetdailynews,hurriyetdailynews,state,twitter,balkaninsight,google
reuters,kyivpost,timesofisrael,wikipedia,wikipedia,jstor,cnn,euronews,bbc,uh
bloomberg,reuters,financetime,insurancejournal,stockopedia,dailymail,dot,berkleyoffshore,iaea,google
reuters,businessinsider,thestar,todayonline,yahoo,tempo,firstpost,arabnews,bbc,voanews
reuters,reuters,nestia,mtv,twitter,taipeitimes,scmp,blogspot,asianage,google
reuters,alamianews,thefortress,middle-east-online,crisisgroup,diplomatie,thedefensepost,unc,france24,ambafrance
reuters,todayonline,pond5,thetrumpet,wikipedia,theguardian,atlanticcouncil,foreignaffairs,carnegieendowment,google
reuters,reuters,reuters,usnews,globalnews,globalnews,yahoo,yahoo,news18,news18
reuters,straitstimes,koreaherald,thestar,rferl,jpost,yahoo,cnn,apa,nbcnews
reuters,apnews,apnews,bbc,spokesman,voanews,abc,bostonglobe,aljazeera,msn
reuters,jpost,trust,businessinsider,firstpost,zamanalwsl,rferl,dailystar,invst,yarnbeauty
reuters,dailymotion,youtube,youtube,wikipedia,wetinhappen,koreaherald,koreaherald,dw,france24
reuters,reuters,todayonline,trust,jakartaglobe,forwardobserver,scmp,channelnewsasia,brookings,google
reuters,ynetnews,reddit,nytimes,hindustantimes,wilsoncenter,aljazeera,tandfonline,wikipedia,jpost
reuters,irrawaddy,straitstimes,businessinsider,timeslive,coconuts,uniindia,dailymail,chinadailyhk,google
reuters,nypost,state,phr,ipsnews,un,hrw,dw,vice,google
reuters,todayonline,rusatom-overseas,energycentral,zawya,rosatom,businessinsider,europa,brookings,google
reuters,bbc,dw,express,wikipedia,wikipedia,businessinsider,rand,cer,google
reuters,yahoo,indianexpress,nytimes,nytimes,theguardian,wsj,wikipedia,wikipedia,independent
reuters,reddit,nytimes,nytimes,theguardian,time,bbc,newyorker,aljazeera,washingtonpost
rferl,reuters,tedmag,seekingalpha,uawire,mamul,debrauw,lb,euractiv,google
reuters,mtv,safetravelsmagazine,nnn,haaretz,tass,mid,wikipedia,ahram,google
reuters,wikipedia,thisismoney,nytimes,mynorthwest,jstor,nyls,economist,cambridge,theguardian
reuters,todayonline,thedailystar,usnews,appfi,nytimes,eyeontaiwan,scmp,thehill,theguardian
reuters,yahoo,youtube,youtube,state,congress,wilsoncenter,rollcall,wikipedia,wikipedia
reuters,thelocal,government,xinhuanet,globalrubbermarkets,tradingeconomics,france24,jstor,aegon,europa
reuters,telegraph,theguardian,antiwar,thediplomat,thisismoney,justdial,defconwarningsystem,scmp,google
reuters,reuters,egypttoday,angop,tass,tass,tass,egyptindependent,wikipedia,arabnews
reuters,reuters,todayonline,nypost,thehill,usnews,yahoo,theguardian,nbr,defenseone
reuters,dailymotion,youtube,youtube,newsweek,businessinsider,apnews,un,ultimedia,msn
reuters,todayonline,92newshd,iblagh,theweek,jpost,sciencedirect,wikipedia,thefinancialexpress,wilsoncenter
reuters,noovell,sciencedirect,wikipedia,wikipedia,nytimes,fpri,researchgate,neonetwork,google
reuters,pinterest,wikipedia,reddit,un,pc,abc,anu,japantoday,google
reuters,reuters,reuters,reuters,theguardian,cnn,time,bbc,straitstimes,dw
reuters,dailymail,jakartaglobe,apnews,businessinsider,twitter,flickr,mtv,straitstimes,google
reuters,businessinsider,crunchbase,army,twitter,nampa,freeamericanetwork,noovell,wetinhappen,google
reuters,yahoo,heathrowexpansion,heathrowexpansion,internationalairportreview,newcivilengineer,infrastructure-intelligence,richmond,environment-analyst,pbctoday
reuters,nytimes,nytimes,pbs,pinterest,latimes,newsweek,vanityfair,bloomberg,scpr
reuters,yourvalley,theguardian,straitstimes,news12,cbs4indy,lasvegassun,npr,foxreno,arkansasonline
reuters,youtube,youtube,dailymotion,cambridge,msn,rallypoint,middleeasteye,twitter,addameer
reuters,todayonline,thestar,torontopearson,torontopearson,twitter,skyblueradio,canadiansecuritymag,sencanada,wikipedia
reuters,reuters,yahoo,moneycontrol,apa,lowyinstitute,vox,nbcnews,npr,foreignpolicy
occrp,reuters,businessinsider,theamazonpost,theamazonpost,trust,anticorruptiondigest,france24,business-standard,telesurenglish
reuters,nytimes,france24,sbs,cnbc,cnn,bbc,cnnphilippines,dw,aljazeera
reuters,cleanenergywire,bloomberg,justlearnwp,blogspot,dailyworld,twitter,blogspot,noovell,google
reuters,vnexpress,washingtonpost,cnn,wikipedia,foreignaffairs,bbc,cnbc,thehill,go
reuters,yahoo,kyivpost,wikipedia,washingtonpost,ourcommons,defensenews,defenseone,usatoday,google
reuters,ascfusa,twitter,blogspot,straitstimes,tvindialive,noovell,cnbc,pressfrom,google
reuters,reuters,wikipedia,cnbc,twitter,twitter,nytimes,wetinhappen,shutterstock,google
reuters,middleeastmonitor,theglobepost,hamodia,aa,kurdistan24,financialpost,vvdailypress,scribd,google
reuters,yahoo,brecorder,taiwannews,nih,bbc,newstalk990,china,investing,google
reuters,straitstimes,aol,lastminutestuff,aawsat,arabnews,kurdistan24,freemalaysiatoday,businessinsider,indianexpress
euractiv,reuters,nytimes,euronews,wsj,wsj,nbc12,intellinews,house,google
reuters,euronews,euronews,novinite,geo,youtube,youtube,wikipedia,wikipedia,brookings
reuters,go,marketwatch,cnbc,wsj,latimes,nytimes,nytimes,cnn,apnews
reuters,reuters,todayonline,bbc,euronews,theguardian,theguardian,instituteforgovernment,wikipedia,aljazeera
reuters,blogspot,wetinhappen,boingboing,blogarama,medium,claddingtest,twitter,twitter,wordpress
reuters,bbc,wikipedia,crisisgroup,feps-europe,trtworld,trtworld,state,euractiv,google
reuters,cbizforum,reproductiverights,time,scielo,hhrjournal,wikipedia,sagepub,washingtonpost,foreignpolicy
reuters,thisismoney,independent,usip,cgtn,harvard,state,amnesty,reliefweb,nytimes
reuters,theguardian,europa,hrw,wikipedia,researchgate,facebook,hrf,ishr,stabroeknews
reuters,reuters,thestar,yahoo,yahoo,qatar-tribune,bishop-accountability,bishop-accountability,dailymail,google
reuters,cnn,trust,thedefensepost,wktv,middleeastmonitor,middleeasteye,defensenews,wikipedia,wsj
reuters,publicspendforum,industryweek,wikipedia,pinterest,pinterest,cnbc,google,,
reuters,dailytrust,reddit,nytimes,jstor,theatlantic,hrw,politico,bbc,newsunited
reuters,justlearnwp,wikipedia,wikipedia,ncjrs,culteducation,wordpress,childwelfare,bishop-accountability,usccb
reuters,wikipedia,nytimes,prospect,aljazeera,fas,cpj,amnesty,apnews,google
reuters,freedomhouse,ishr,amnesty,nigeria70,dailymail,google,europa,noovell,ohchr
reuters,thenews,ft,traceinternational,traceinternational,nytimes,bloomberg,thebureauinvestigates,democracynow,occrp
reuters,lastminutestuff,pinterest,pinterest,twitter,noovell,cosscom,dailyworld,blogspot,google
reuters,usatoday,rferl,phys,inews,independent,thehill,ft,moonofalabama,kyivpost
reuters,euronews,balkaninsight,euractiv,politico,justice,worldpoliticsreview,aljazeera,wikipedia,nytimes
reuters,todayonline,nytimes,euronews,investopedia,europa,irishnews,bbc,theguardian,wsj
reuters,bbc,noovell,victoriajess,sevenstones,nytimes,youtube,theguardian,npr,google
bbc,reuters,todayonline,swissinfo,wikipedia,worldradio,thelocal,dw,pond5,twitter
reuters,dailymail,europa,cnbc,pinterest,pinterest,economist,ecfr,ceo,google
reuters,eurojewcong,meyerandco,electronicintifada,bbc,ohchr,nytimes,timesofisrael,momentmag,france24
voanews,reuters,pplaaf,theguardian,wikipedia,bbc,nytimes,justice,ganintegrity,google
voanews,reuters,yahoo,newsweek,angop,portalangop,bloomberg,wikipedia,change,google
reuters,theguardian,ahvalnews,dailymail,kiro7,timesofisrael,timesofisrael,haaretz,time,google
reuters,jakartaglobe,hurriyetdailynews,reddit,japantimes,todayonline,thefinancialexpress,nytimes,bloomberg,time
reuters,reuters,38north,thediplomat,yahoo,newsweek,nbr,scmp,thehill,armscontrol
reuters,ynetnews,vosizneias,wikipedia,wikipedia,setav,noovell,tempo,newsincyprus,google
reuters,reuters,haaretz,un,un,un,c-span,c-span,axios,timesofisrael
reuters,twitter,twitter,wetinhappen,politico,blogspot,economist,wikipedia,wgtn,google
themoscowtimes,reuters,wikipedia,msn,thisismoney,bloomberg,compughana,washingtonpost,arabnews,google
reuters,dw,apnews,wikipedia,wikipedia,radio,politico,euractiv,ft,pbs
reuters,financialtribune,youtube,youtube,youtube,yahoo,wikipedia,middleeasteye,aaj,sofrep
reuters,jpost,uniindia,latrobe,nti,morningstaronline,carnegieendowment,eastasiaforum,google,
reuters,yahoo,bloomberg,politico,wikipedia,wikipedia,nbcnews,nytimes,euronews,theguardian
reuters,ndtv,nation,independent,opensocietyfoundations,ecoi,stthomastheapostleoxford,rferl,philanthropynewsdigest,google
wikipedia,reuters,theguardian,thelocal,thelocal,thelocal,thelocal,thelocal,newsvoice,scmp
reuters,foreignpolicy,foreignpolicy,nytimes,dw,washingtonmonthly,nymag,wtnh,bloomberg,google
reuters,cnbc,cnbc,yahoo,nytimes,apnews,newsobserver,cnn,go,dw
reuters,reuters,businessinsider,angop,agriculture,mofa,cnbcafrica,iol,portalangop,allafrica
reuters,angop,portalangop,yahoo,wikipedia,wikipedia,bbc,blogspot,nytimes,europa
reuters,thelocal,dutchnews,wikipedia,bloomberg,bloomberg,bbc,cnbc,ft,google
reuters,iranobserver,newsvideo,youtube,baaz,xinhuanet,aljazeera,kodoom,wikipedia,bbc
reuters,reuters,businesstimes,thenews,stabroeknews,wikipedia,hrw,nytimes,transparency,google
reuters,dailysabah,noovell,noovell,alethonews,naharnet,shoah,business-standard,blogspot,google
reuters,justlearnwp,cleanenergywire,kfgo,bbc,kitco,wikipedia,cnbc,toronto,google
reuters,nytimes,hrw,hrw,wikipedia,wikipedia,wm,foreignpolicy,cnn,minorityrights
reuters,reuters,todayonline,businessinsider,yahoo,ghheadlines,scooper,investing,youtube,youtube
reuters,iran-daily,thisismoney,go,rappler,wikipedia,wsws,carnegieendowment,csis,google
reuters,africanliberty,todayonline,cgtn,un,unhcr,reliefweb,usmission,csis,theinformer
reuters,deccanherald,cfr,baaz,wikipedia,wikipedia,nytimes,nytimes,washingtonpost,indivisible
reuters,jpost,mojahedin,gulf-times,wikipedia,nytimes,washingtonpost,hurriyetdailynews,jadaliyya,reddit
al-monitor,reuters,todayonline,jpost,egypttoday,ewn,wikipedia,wikipedia,un,mei
reuters,reuters,reuters,todayonline,investing,businessinsider,accent,blogspot,blogspot,blogspot
reuters,foreignaffairs,theguardian,nytimes,scmp,forwardobserver,project-syndicate,wikipedia,wikipedia,google
reuters,reuters,todayonline,angop,egypttoday,businessinsider,portalangop,yahoo,cnbc,google
reuters,blogspot,blogspot,blogspot,twitter,noovell,supchina,saigonbao,google,
reuters,thestar,trust,straitstimes,trendolizer,thedailystar,tempo,jpost,bbc,apnews
reuters,wikipedia,wikipedia,ndi,carnegieendowment,iri,voacambodia,voacambodia,google,
reuters,youtube,youtube,arabnews,independent,dailymotion,dailymotion,wikipedia,aljazeera,nytimes
reuters,reuters,thestar,thisismoney,armscontrol,cfr,nytimes,wikipedia,bbc,csis
reuters,reuters,thestar,vanguardngr,wikipedia,mid,libya-analysis,noovell,google,
reuters,washingtonpost,washingtonpost,washingtonpost,justearthnews,youtube,youtube,studentnewsdaily,dailymail,economictimes
reuters,tribune,channelnewsasia,investing,nation,globalvoices,wetinhappen,pakistantoday,blogspot,google
reuters,yahoo,pri,theguardian,bbc,coe,wikipedia,cpj,scoopnest,google
reuters,wikipedia,wikipedia,washingtonpost,nytimes,theguardian,ft,theatlantic,bloomberg,google
reuters,reuters,todayonline,pond5,chinadailyhk,carnegieendowment,aljazeera,cfr,cfr,google
reuters,thisismoney,angop,scmp,scmp,theguardian,time,telegraph,blogspot,khaosodenglish
reuters,silencedturkey,silencedturkey,wikipedia,wikipedia,hrw,euronews,mfa,foreignpolicy,businessinsider
businessinsider,reuters,ynetnews,nbcnews,rferl,nknews,rt,themoscowtimes,presstv,google
reuters,thefirstnews,thestar,thenews,politico,polskieradio,tvn24,armedia,wikipedia,bloomberg
reuters,thenews,clubstabilize,timesofisrael,dailymail,dailystar,wikipedia,haaretz,doutorcuidadosnursecare,google
reuters,scmp,nytimes,wikipedia,straitstimes,seattletimes,voanews,wamu,wsj,apnews
reuters,nst,thestar,businessinsider,srnnews,dailyworld,blogspot,wetinhappen,blogspot,google
npr,reuters,cnbc,japantimes,japantoday,kyodonews,stripes,stripes,marinecorpstimes,thehindu
reuters,hrw,thisismoney,reddit,justice,wikipedia,scmp,northwestern,article19,google
reuters,reuters,thestar,moneycontrol,wikipedia,wikipedia,japantimes,nytimes,time,google
reuters,thisismoney,newsmax,dailymail,dailymail,helihub,aljazeera,wikipedia,ncnk,usnwc
reuters,wikipedia,cfr,japantoday,nytimes,brookings,ft,japantimes,stratfor,google
reuters,reuters,warincontext,businessinsider,noovell,wikipedia,wikipedia,pinterest,google,
reuters,voanews,bloomberg,nationalpost,nationalpost,theguardian,channel3000,dw,nasdaq,google
reuters,ynetnews,wikipedia,wikipedia,unnnews,postguam,nytimes,washingtonpost,npr,google
reuters,ganintegrity,bbc,anticorruptiondigest,nytimes,miamiherald,france24,voanews,fcpablog,traceinternational
reuters,aljazeera,globalcitizen,independent,abc,youtube,apnews,cbc,firstpost,todayonline
reuters,armscontrol,ncnk,swp-berlin,businessinsider,un,cbsnews,aljazeera,scmp,youtube
reuters,wikipedia,watchlist,marsecreview,marsecreview,alaraby,reddit,un,al-monitor,google
reuters,scribblelive,thefiscaltimes,noovell,postguam,thebulletin,straitstimes,theelders,wetinhappen,google
bbc,reuters,npr,cnn,cnn,dw,theguardian,abc,youtube,youtube
reuters,un,un,unric,theindependentbd,securitycouncilreport,sagepub,unhcr,reliefweb,google
reuters,nbcnews,arabnews,theguardian,cbsnews,10news,npr,japantimes,youtube,thehill
reuters,democraticunderground,financetime,wikipedia,pressfrom,bloomberg,thebajapost,theyucatantimes,twitter,google
premier,reuters,euractiv,politico,uw,eurotopics,europa,wikipedia,nationalinterest,jstor
reuters,youtube,wikipedia,npr,myanmardigital,middleeasteye,newyorker,reddit,timesofisrael,jpost
reuters,arabnews,therahnuma,state,financetime,traveldocs,traveldocs,wikipedia,wikipedia,google
reuters,businessinsider,post-gazette,radio,gainesville,dailyherald,accesswdun,wetinhappen,ottawacitizen,google
reuters,business-humanrights,business-humanrights,theguardian,euronews,reddit,ecchr,thelocal,jadaliyya,thewalrus
reuters,noovell,voanews,latimes,khmertimeskh,wikipedia,rubberjournalasia,bizlive,bbc,google
reuters,unhcr,wikipedia,europa,angop,nytimes,euobserver,bbvaopenmind,defenceweb,google
reuters,pv-magazine,nato,politico,nationalgeographic,worldbank,europa,irena,google,
rferl,reuters,wikipedia,baaz,timesofisrael,universityworldnews,amnesty,fdd,iranhumanrights,thenational
reuters,thisismoney,wikipedia,wikipedia,greens-efa,euronews,ethz,ieefa,stockopedia,un
reuters,reddit,twitter,democraticunderground,firstpost,wetinhappen,wikipedia,blogspot,blogspot,google
reuters,portalangop,twitter,ghheadlines,bbc,justlearnwp,noovell,latestnigeriannews,youtube,youtube
reuters,mojahedin,apnews,noovell,aawsat,naharnet,financialtribune,iranfocus,rferl,google
reuters,voanews,wikipedia,wikipedia,geo,nato,nato,whitehouse,wsj,google
reuters,wikipedia,wikipedia,newsincyprus,thefreedictionary,brookings,theregister,europa,cyprus-mail,google
reuters,europa,apnews,wordpress,blogspot,cbs,theguardian,theguardian,spokesman,google
reuters,yahoo,voanews,aljazeera,ewn,bloomberg,aftruth,france24,cgtn,globalpatriotnews
reuters,nst,news18,bdnews24,thenews,timesofisrael,timesofisrael,aljazeera,mfa,newsday24
reuters,jpost,jpost,zamanalwsl,zamanalwsl,unhcr,wikipedia,carnegieendowment,un,google
reuters,amnesty,bbc,npr,cnn,voanews,dw,theguardian,ft,hrw
reuters,reuters,apnews,todayonline,dailystar,bbc,foxbusiness,elasticbeanstalk,theguardian,express
reuters,kmfsllp,yahoo,reddit,ushahidi,balkaninsight,rsf,seemonitor,blogspot,google
reuters,todayonline,express,politico,politico,rferl,intellinews,theguardian,bloomberg,euractiv
jpost,reuters,dw,baaz,unhcr,channelnewsasia,trust,blogspot,wikipedia,giswatch
reuters,cnbc,euobserver,theguardian,theguardian,bbc,bbc,wikipedia,nytimes,ft
reuters,reuters,globalcitizen,independent,youtube,aljazeera,aljazeera,apnews,abc,go
reuters,angop,theeastafrican,portalangop,africanews,npr,nytimes,gov,newyorker,google
reuters,yahoo,wikipedia,nyls,state,verfassungsblog,nampa,businesstech,globalhealthdelivery,google
reuters,angop,wikipedia,bbc,bbc,economist,bloomberg,theatlantic,nytimes,google
reuters,independent,equal-eyes,wikipedia,pridelegal,escr-net,cornell,theglobalfund,nih,nbcnews
reuters,verifiedvoting,wetinhappen,noovell,wikipedia,wikipedia,economist,jstor,ucpress,google
reuters,cnbcafrica,usnews,nasdaq,chicagotribune,ewn,qiraatafrican,graphicnews,google,
reuters,todayonline,qatar-tribune,ghheadlines,wikipedia,ca,un,biography,csic,google
reuters,reuters,jpost,trust,middleeasteye,thenational,alaraby,thisismoney,tass,wikipedia
wikipedia,reuters,dailysabah,newsoncompliance,thisismoney,anticorr,bloomberg,theguardian,bbc,google
reuters,businessinsider,yahoo,thisismoney,investing,thebaghdadpost,reddit,armscontrol,wikipedia,peacecoalition
reuters,un,un,iisd,afdb,wikipedia,einnews,squarespace,wri,google
reuters,apnews,miamiherald,mtv,cntraveler,thewire,presstv,fas,opencanada,google
reuters,rabobank,bloomberg,nytimes,nytimes,ifo,wikipedia,wikipedia,theatlantic,europa
reuters,theguardian,apnews,apnews,politico,europa,telegraph,euobserver,independent,npr
reuters,thisismoney,timesofoman,unhcr,wikipedia,wikipedia,nytimes,foreignpolicy,springer,google
reuters,blogspot,uca,ethz,blogspot,blogspot,noovell,google,,
reuters,todayonline,thestar,voanews,europa,thisismoney,heritage,wikipedia,govinfo,google
reuters,iranobserver,wetinhappen,noovell,washingtoninstitute,wikipedia,carnegieendowment,fidh,refworld,google
reuters,timesofisrael,wikipedia,nytimes,economist,blogspot,blogspot,blogspot,noovell,google
reuters,wikipedia,thisismoney,aljazeera,counterextremism,thebureauinvestigates,thedefensepost,crisisgroup,garoweonline,securitycouncilreport
reuters,reuters,washingtonpost,wikipedia,worldpoliticsreview,crisisgroup,theguardian,muckrack,blogspot,google
scmp,reuters,hindustantimes,thestar,yahoo,dailymail,nypost,usatoday,thesun,veloteek
dw,reuters,voanews,bangkokpost,angop,verifiedvoting,business-humanrights,governmenteuropa,cnbc,google
reuters,cnbc,nasdaq,economictimes,nytimes,nytimes,aljazeera,middleeastmonitor,business-standard,google
reuters,pri,independent,angop,independent,themoscowtimes,boston25news,wikipedia,lawfareblog,news18
reuters,reuters,washingtonpost,thestar,egypttoday,dailystar,tempo,usnews,stamfordadvocate,al-monitor
reuters,cbizforum,jip,wetinhappen,teakdoor,twitter,chiangraitimes,pinterest,scmp,google
reuters,thisismoney,angop,scmp,scmp,theguardian,time,telegraph,blogspot,khaosodenglish
reuters,reuters,jpost,todayonline,straitstimes,nytimes,scmp,nationalpost,nikkei,google
reuters,economictimes,indiatimes,businessinsider,japantimes,japantimes,washingtonpost,thediplomat,cnn,google
reuters,jpost,youtube,youtube,thestar,angop,reliefweb,ewn,yahoo,thisismoney
reuters,thisismoney,chinadailyhk,pmnewsnigeria,armscontrol,nnn,thaivisa,wikipedia,foreignpolicy,google
reuters,business-standard,outlookindia,angop,africanews,bbc,allafrica,noovell,nationthailand,google
reuters,reuters,bloomberg,aljazeera,aljazeera,chinafile,latimes,joins,theguardian,nytimes
reuters,youtube,youtube,rand,chinafile,aljazeera,taipeitimes,globaltimes,taskandpurpose,jamestown
reuters,thisismoney,bbc,independent,theguardian,usnews,dailymail,washingtonpost,msn,google
reuters,flickr,jip,thefiscaltimes,nna-leb,thewire,dailymail,wetinhappen,jes,google
reuters,nytimes,yahoo,wikipedia,aljazeera,thefiscaltimes,washingtonpost,fas,hrw,google
reuters,thetimes,businessinsider,wikipedia,google,,,,,
reuters,yahoo,thisismoney,newslocker,noovell,itv,itv,blogspot,wikipedia,google
reuters,apnews,telegraph,wikipedia,wikipedia,france24,cnn,history,foreignpolicy,aljazeera
reuters,holyrood,thaivisa,politicshome,worthynews,express,postguam,cyprus-mail,theguardian,google
reuters,theguardian,tolonews,jordantimes,go,pinterest,postguam,trendolizer,wikipedia,google
reuters,postguam,rcinet,kodoom,thestar,wikipedia,ipolitics,theglobeandmail,reddit,newslocker
reuters,jpost,haaretz,dailymail,nytimes,pinterest,rt,trendolizer,wikipedia,pinterest
reuters,reuters,rferl,tolonews,haaretz,kyivpost,dailystar,themoscowtimes,timesofisrael,google
reuters,abc,angop,straitstimes,trendolizer,reddit,rte,postguam,plus61j,newsbreak
reuters,kyivpost,hromadske,rferl,nytimes,wikipedia,dw,pond5,theglobeandmail,google
reuters,thisismoney,apnews,invst,newslocker,euractiv,pinterest,wikipedia,pinterest,google
reuters,voanews,twitter,cnbc,gallup,cfr,city-journal,japantimes,crisisgroup,google
reuters,jpost,hamodia,kait8,bbc,timesofisrael,wikipedia,un,al-monitor,google
reuters,mepc,usnews,wikipedia,tempo,malaysiakini,ndu,ozy,dw,google
reuters,reuters,todayonline,yahoo,bbc,themoscowtimes,aljazeera,wikipedia,nytimes,ifri
reuters,reuters,thedrive,thedrive,nationalinterest,reddit,defensenews,wikipedia,defense-aerospace,ft
aljazeera,reuters,un,un,un,trust,npr,google,,
reuters,reuters,trust,cnn,wikipedia,wikipedia,bbc,amnesty,theguardian,google
reuters,reuters,todayonline,yahoo,globalrubbermarkets,globalrubbermarkets,ft,bloomberg,bloomberg,bmj
reuters,theguardian,globalpolicy,nbcnews,bbc,cornell,wikipedia,commondreams,treasury,noovell
reuters,licenseglobal,infowars,researchgate,wikipedia,newstral,morungexpress,pressfrom,google,
reuters,mubasher,thenational,argaam,nucleartownhall,kapsarc,cnbc,noozz,neimagazine,google
reuters,yenisafak,cleanenergywire,npr,euractiv,thelocal,newsincyprus,aa,theguardian,google
wikipedia,reuters,wikipedia,washingtonpost,washingtonpost,aljazeera,al-monitor,ndtv,middleeastmonitor,usnews
reuters,yahoo,fliegerfaust,fliegerfaust,wikipedia,wikipedia,rimtoday,tpsgc-pwgsc,macdonaldlaurier,globalsecurity
reuters,facebook,gulfbusiness,dailymail,zawya,scoopnest,insolvencyguardian,sustg,twitter,google
theguardian,reuters,thestar,yahoo,bbc,theguardian,wikipedia,aa,independent,brecorder
reuters,businessinsider,foxnews,apnews,ft,cnn,news24,jpost,voanews,wbaltv
reuters,screenocean,thelocal,newslocker,pond5,pond5,cloudsev,bbc,agriculture,google
reuters,theguardian,telegraph,bbc,express,brecorder,independent,dailymail,thesun,google
reuters,crisisgroup,atrocitieswatch,hrw,businessinsider,qz,wikipedia,africacenter,dw,nasdaq
dw,reuters,euronews,euractiv,bloomberg,nytimes,dw,dailymotion,dailymotion,dailymotion
reuters,kff,abs-cbn,keepyourinnerarmystrong,interaksyon,academia,vaccinationnews,wetinhappen,thewire,twitter
reuters,voanews,jpost,thisismoney,bbc,youtube,go,twitter,pressfrom,google
reuters,jpost,ynetnews,mtv,usnews,timesofisrael,timesofisrael,dw,foreignaffairs,honestreporting
reuters,ascfusa,kyivpost,baaz,japantimes,carnegieendowment,carnegieendowment,wsj,armscontrol,npr
reuters,thestartv,bbc,youtube,wikipedia,thaivisa,economictimes,centerjd,catchnews,stockopedia
reuters,voanews,reddit,springer,wikipedia,apnews,nymag,foreignpolicy,telegraph,google
reuters,jpost,jpost,vox,timesofisrael,timesofisrael,aawsat,todayonline,embassies,wikipedia
reuters,ynetnews,rferl,wenatcheeworld,carnegieendowment,hawaiinewsnow,pinterest,ksla,thisismoney,dw
reuters,reuters,nytimes,wikipedia,wgxa,usnews,birmingham,wset,ukandeu,lexisnexis
reuters,channelnewsasia,nationthailand,asiatimes,thaivisa,bangkokpost,thaiembassy,hrw,livecareer,google
reuters,cnn,armscontrol,ft,cbsnews,crisisgroup,aljazeera,nytimes,apnews,apnews
reuters,wikipedia,efghermesone,gulfnews,aawsat,spglobal,usnews,oilprice,thearabweekly,business-standard
reuters,yahoo,aljazeera,ndtv,rferl,timesofisrael,voanews,dailysabah,cnn,gdacs
reuters,cnn,cnn,amnesty,unodc,umes,waaytv,wikipedia,hrw,google
reuters,gulfnews,trendolizer,arabianbusiness,mubasher,netscape,aviamost,msn,kitco,google
reuters,reliefweb,un,wikipedia,unhcr,aol,aol,army,adobe,migrationpolicy
reuters,reuters,shropshirestar,law360,belfasttelegraph,globalrubbermarkets,wikipedia,fincen,fatf-gafi,riskscreen
reuters,mysalaam,fpri,muckrack,wikipedia,blogspot,osrx,washdiplomat,themuslimtimes,seneca-eu
voanews,reuters,todayonline,wikipedia,apnews,house,outlookindia,ksl,business-standard,indiatimes
reuters,reuters,yahoo,jpost,middleeastmonitor,timesofisrael,wikipedia,europa,trtworld,seattletimes
bloomberg,reuters,aero-mag,yahoo,defence,yjc,fortune,bloombergquint,wsj,google
reuters,ynetnews,trust,theintercept,thisismoney,washingtonpost,dreamsint,dailymail,justdial,google
reuters,trust,yahoo,uniindia,thisismoney,marinelog,shipinsight,www,offshore-energy,wetinhappen
reuters,yahoo,todayonline,thisismoney,wikipedia,channelnewsasia,geopoliticalmonitor,sofiaglobe,wilsoncenter,google
reuters,mtv,blogspot,blogspot,noovell,almaghribtoday,dailymail,aecnewstoday,arabnews,google
reuters,hindustantimes,globalrubbermarkets,voanews,wikipedia,oecd,defence,freepresskashmir,carnegietsinghua,google
reuters,mtv,thestar,geo,nnn,cpj,rsf,thisismoney,outlookindia,google
reuters,reuters,jotform,nationalgeographic,nationalgeographic,pinterest,pinterest,forbes,wikipedia,google
reuters,thenews,businesslive,aljazeera,modinewslibrary,flipboard,france24,thediplomat,japantimes,indiatoday
reuters,reuters,bloomberg,ft,mtv,dw,al-monitor,rferl,power-technology,world-nuclear-news
reuters,reuters,hrw,cgtn,usnews,aljazeera,justiceinfo,icc-cpi,icc-cpi,aa
reuters,worldpoliticsreview,opendevelopmentmekong,latimes,anticorruptiondigest,blackpeakgroup,asiatimes,wikipedia,thediplomat,google
reuters,mtv,middleeasteye,jpost,kurdistan24,wikipedia,wikipedia,aljazeera,nytimes,atlanticcouncil
reuters,ajot,euronews,bbc,dw,rte,spokesman,investopedia,twitter,google
reuters,thenews,ethixbase,chinadaily,blogspot,cnn,china,noovell,wikipedia,google
reuters,apnews,npr,ptinews,theglobepost,morningsidechurchinc,go,straitstimes,crisisgroup,monok
reuters,reuters,yahoo,arabnews,wikipedia,wikipedia,smallarmssurvey,blogspot,usnews,google
reuters,medicaldialogues,nnn,firstdraftnews,ssrn,outbreaknewstoday,interaksyon,fiercepharma,sciencemag,google
reuters,hurriyetdailynews,dailysabah,timesofisrael,dailystar,nypost,trust,newsweek,yenisafak,google
wikipedia,reuters,thisismoney,balkaninsight,balkaninsight,vaticannews,wilsoncenter,euractiv,wsj,google
reuters,bangkokpost,todayonline,thenews,pinterest,thestar,radio,businessinsider,aljazeera,google
reuters,unhcr,yenisafak,theglobepost,tumblr,un,wikipedia,wikipedia,ohchr,google
reuters,wikipedia,wikipedia,umich,admin,menafn,dayton247now,wpde,blogspot,stamfordadvocate
reuters,portalangop,antiwar,noovell,ushmm,vanguardngr,apnews,qz,iol,google
reuters,yahoo,thisismoney,wikipedia,wikipedia,blogspot,ecpr,usnews,sistory,google
reuters,thestar,ghheadlines,blogspot,alternativeafrica,moneyweb,blogspot,economist,blogspot,google
reuters,jpost,kyivpost,theguardian,wikipedia,apnews,pond5,nytimes,irishtimes,npr
reuters,reuters,thestar,yahoo,yahoo,armscontrol,kaggle,google,,
reuters,reuters,92newshd,eureporter,thefiscaltimes,wikipedia,wikipedia,politico,wacstl,telegraph
reuters,jpost,yahoo,reddit,justdial,chinafile,chinafile,nbr,twitter,google
reuters,japantimes,jpost,tasnimnews,vnexpress,tribuneindia,youtube,youtube,carnegieendowment,ndtv
rappler,reuters,straitstimes,xinhuanet,xinhuanet,rappler,nytimes,aljazeera,scmp,google
reuters,reddit,linkedin,wikipedia,twitter,baaz,cambridge,wechattraining,cyprus-mail,google
reuters,todayonline,hindustantimes,efe,tuoitrenews,timesofisrael,justdial,outlookindia,noovell,wikipedia
reuters,jpost,jpost,reddit,jpr,samaa,newsweek,forward,nytimes,ncronline
reuters,jpost,todayonline,theweek,ufcfan,trtworld,bahrainmirror,washingtonpost,bahrainmirror,google
reuters,wikipedia,wikipedia,wikipedia,wikipedia,wikipedia,wikipedia,wikipedia,wikipedia,jeromecohen
dw,reuters,thestar,trust,tasnimnews,wikipedia,thefiscaltimes,dw,noovell,euronews
reuters,jpost,yahoo,thestar,todayonline,telesurenglish,uniindia,bbc,radiohc,wikipedia
outrider,reuters,reddit,carnegieendowment,wikipedia,tidsskriftet,icanw,icanw,voanews,nti
reuters,theguardian,theguardian,nytimes,nytimes,dailymail,wikipedia,abc,nationalreview,youtube
reuters,atlanticcouncil,al-monitor,bbc,wikipedia,foreignpolicy,rudaw,voanews,theguardian,reddit
reuters,jpost,nytimes,wsj,cbsnews,timesofisrael,timesofisrael,jta,wikipedia,13wham
reuters,wikipedia,reddit,wilsoncenter,straitstimes,youtube,militarytimes,twitter,washingtonpost,vox
reuters,nytimes,propublica,wikipedia,wikipedia,politico,latimes,npr,ft,google
reuters,dw,dailymail,rt,trendolizer,thelocal,bbc,thesun,theorthodoxchurch,google
reuters,telesurenglish,clicklancashire,escambray,blogspot,twitter,wetinhappen,blogspot,channelnewsasia,noovell
reuters,wikipedia,wikipedia,emerald,americasquarterly,wilsoncenter,journalofdemocracy,fas,as-coa,google
reuters,washingtonpost,blogspot,t,ft,nytimes,reason,whatthefuckjusthappenedtoday,newzzapp,google
reuters,middleeastmonitor,middleeasteye,vosizneias,axios,timesofisrael,aljazeera,whitehouse,wikipedia,google
reuters,dw,euractiv,euractiv,theguardian,wikipedia,voxeurop,eurotopics,upstreamonline,occrp
reuters,ewn,thisismoney,guardian,newvision,nytimes,nnn,bbc,pinterest,google
reuters,youtube,youtube,thehill,dailymail,dailymail,arabnews,thaivisa,vovworld,baaz
reuters,thestar,angop,trust,portalangop,54etats,nytimes,timesofisrael,haaretz,brecorder
reuters,portalangop,hamodia,cyprus-mail,vox,radiofarda,moi,thesun,aol,google
reuters,business-standard,theguardian,investopedia,bbc,japantimes,wsj,dailymail,thaivisa,google
reuters,theguardian,bbc,wikipedia,washingtonpost,instituteforgovernment,abc,euronews,cnn,foreignpolicy
reuters,wikipedia,yenihaberden,parstoday,stanford,aa,reddit,cogitatiopress,wikiwand,google
reuters,middleeastmonitor,newsbreak,timesofisrael,wikipedia,rand,vosizneias,dailysabah,nytimes,google
reuters,thediplomat,wikipedia,ndtv,abbtakk,aljazeera,nepalisansar,noovell,theodora,google
reuters,thelocal,thelocal,trtworld,parlgov,euronews,bbc,dw,nytimes,google
reuters,aol,youtube,youtube,reddit,france24,theguardian,huffpost,huffingtonpost,nytimes
reuters,rte,yenisafak,washingtonpost,aljazeera,pinterest,cnbc,denverpost,bangordailynews,bloomberg
reuters,reliefweb,wikipedia,thisismoney,twitter,ecfr,screenocean,bbc,wikizero,google
reuters,icanw,ncronline,americamagazine,vaticannews,npr,nikkei,catholicnewsagency,newsweek,google
france24,reuters,reuters,wikipedia,wikipedia,wikipedia,wikipedia,haaretz,haaretz,timesofisrael
reuters,noovell,amnesty,blogspot,scoopnest,wikipedia,latestnigeriannews,blogspot,sanaacenter,google
reuters,jpost,foreignpolicy,reddit,wikipedia,wikipedia,theguardian,bbc,swp-berlin,google
reuters,ynetnews,middleeastmonitor,angop,portalangop,jpost,mtv,wetinhappen,wikipedia,google
reuters,middleeastmonitor,yenisafak,nikkei,wikipedia,youtube,youtube,aljazeera,aa,wsj
reuters,trust,wikipedia,vox,timesofisrael,nytimes,i24news,thisismoney,fmep,google
reuters,ndtv,india,theepochtimes,khaleejtimes,twitter,justdial,newsweek,washingtonpost,google
cnbc,reuters,thenational,middleeastmonitor,gulfbusiness,tdwealth,thewire,thestar,sbs,chinadailyhk
cnbc,reuters,reuters,yahoo,todayonline,thenational,nytimes,timesofisrael,wikipedia,euronews
reuters,scmp,pinterest,newsvoice,cleanenergywire,thefiscaltimes,thisismoney,nytimes,timesofgeneva,google
reuters,timesofisrael,timesofisrael,bbc,haaretz,haaretz,latimes,jpost,jpost,commondreams
voanews,reuters,telesurenglish,agriculture,thisismoney,wto,drulap,wetinhappen,wikipedia,google
reuters,theguardian,newsweek,seismosoc,nti,independent,foxnews,theepochtimes,time,wiley
reuters,dailysabah,middleeastmonitor,thenational,gulfbusiness,wsj,aljazeera,wikipedia,npr,google
reuters,yahoo,wetinhappen,twitter,ft,bloomberg,noovell,americasquarterly,forbes,google
reuters,egypttoday,omanobserver,moi,sbs,dailymail,dailymail,middleeastmonitor,kodoom,baaz
reuters,perureports,noovell,wikipedia,icij,upstreamonline,dpa-international,bloomberg,cgtn,google
reuters,reuters,nytimes,washingtonpost,militarytimes,cnbc,politico,nbcnews,wilsoncenter,thehill
reuters,wikipedia,wikipedia,wsj,go,politico,tnp,bloombergenvironment,regjeringen,washingtontimes
theguardian,reuters,jpost,breakingnews,ft,theguardian,bbc,bbc,wikipedia,cnn
reuters,straitstimes,moi,businessinsider,wikipedia,wikipedia,theintercept,justice,theregister,google
reuters,reuters,jpost,rfi,middleeastmonitor,ynetnews,timesofisrael,pakistantoday,youtube,youtube
reuters,mojahedin,pinterest,france24,reddit,defenddemocracy,counterextremism,shafaaq,wetinhappen,google
reuters,globalinitiative,africanews,hrw,foreignpolicy,reliefweb,europa,ifri,migreurop,google
reuters,mtv,firstpost,apa,nypost,reddit,thisismoney,kxly,spa,google
reuters,nytimes,cnn,npr,militarytimes,armscontrol,armscontrol,thehill,voanews,nbcnews
reuters,aol,ynetnews,qz,washingtonpost,nytimes,theatlantic,wlos,democracynow,upenn
reuters,euractiv,middleeastmonitor,nypost,wikipedia,pinterest,gcpeurope,trtworld,aljazeera,google
reuters,reuters,timesofisrael,middleeastmonitor,hindustantimes,haaretz,angop,thedailybeast,france24,firstpost
reuters,todayonline,thestar,yahoo,cgtn,thisismoney,angop,kmfsllp,scoopnest,google
yahoo,reuters,thisismoney,business-standard,investing,wikipedia,blogspot,stackoverflow,noovell,google
reuters,todayonline,euronews,local21news,bbc,bbc,instituteforgovernment,theatlantic,vox,ft
reuters,timeslive,thestar,ewn,euronews,angop,uniindia,afio,noovell,townpress
reuters,yahoo,egypttoday,khaleejtimes,thebaghdadpost,thisismoney,twitter,ft,reddit,google
reuters,reddit,gulf-times,nytimes,wikipedia,wikipedia,globaldetentionproject,washingtonpost,europa,google
reuters,unian,japantoday,nytimes,nationalpost,arabianbusiness,theintercept,rte,egyptindependent,google
reuters,jpost,nytimes,lastminutestuff,thisismoney,verifiedvoting,voanews,channelnewsasia,aljazeera,dw
reuters,nbcnews,nytimes,thenation,wikipedia,indiatoday,democracynow,balkhheritage,carnegieendowment,go
reuters,thehindu,wikipedia,economist,aljazeera,wsj,freeamericanetwork,nytimes,businessfortnight,google
reuters,moi,bangkokpost,twitter,usnews,pinterest,tuoitrenews,thenews,cfr,google
reuters,financetime,wikipedia,washingtonpost,time,dallasnews,theatlantic,dissentmagazine,ips-dc,wetinhappen
reuters,un,foreignpolicy,swp-berlin,washingtonpost,wikipedia,wikipedia,carnegieendowment,haaretz,google
jakartaglobe,reuters,jpost,wikipedia,wikipedia,usip,state,wsj,voanews,google
reuters,thehindu,youtube,youtube,youtube,youtube,voanews,thestartv,straitstimes,straitstimes
reuters,jpost,todayonline,pinterest,euronews,reddit,pinterest,pinterest,gratis-mp3s,google
reuters,businessinsider,independent,deccanherald,fortune,bbc,economictimes,indiatimes,cnn,courthousenews
reuters,wikipedia,wikipedia,vox,house,thehill,thehermitage,usatoday,latimes,google
reuters,reuters,trust,wikipedia,indivisible,al-monitor,nytimes,fas,reddit,google
reuters,yahoo,reddit,theguardian,euronews,1tv,wikipedia,nampa,noovell,google
reuters,reuters,trust,wikipedia,indivisible,al-monitor,nytimes,fas,reddit,google
reuters,globalrubbermarkets,newslocker,noovell,noovell,nytimes,instituteforgovernment,economist,carnegieendowment,google
reuters,nytimes,nytimes,cnbc,kyivpost,usatoday,armscontrol,state,wikipedia,wsj
reuters,washingtonpost,theguardian,wikipedia,lawfareblog,usatoday,un,timeslive,abs-cbn,aljazeera
reuters,usnews,abc,egypttoday,bbc,haaretz,thinkprogress,vosizneias,wikipedia,wikipedia
reuters,channelnewsasia,esciencepress,wikipedia,scmp,oup,thediplomat,nikkei,google,
reuters,todayonline,wikipedia,wikipedia,as-coa,scielo,journalofdemocracy,cia,sagepub,google
reuters,firstpost,nytimes,npr,thisismoney,bloomberg,express,pinterest,twitter,theguardian
reuters,jpost,foreignaffairs,mei,wikipedia,noovell,iai,europa,sharqforum,google
reuters,foreignpolicy,ecoi,wikipedia,bbc,usembassy,crisisgroup,columbia,hrf,google
reuters,wikipedia,who,state,nti,ecfr,fesdc,nato-pa,cia,google
reuters,reuters,todayonline,politico,aljazeera,wikipedia,wikipedia,dw,bbc,time
reuters,npr,ft,egypttoday,mtv,thehill,thejc,politico,mondoweiss,middleeastmonitor
reuters,reuters,todayonline,mtv,dailystar,yahoo,aljazeera,aljazeera,apa,vosizneias
reuters,thestar,yahoo,businessinsider,thisismoney,wikipedia,europa,stockopedia,home,google
reuters,npr,iri,squarespace,fucsovics,nyujilp,wikipedia,imf,kaieteurnewsonline,noovell
theconversation,reuters,businessinsider,angop,yahoo,trtworld,trtworld,thestar,yenisafak,google
reuters,cbsnews,thestar,trust,mtv,washingtonpost,washingtonpost,yahoo,jpost,commentarymagazine
nytimes,reuters,wikipedia,wikipedia,foreignpolicy,washingtonpost,go,newamerica,nbcnews,wsj
reuters,angop,portalangop,newsincyprus,cnbc,wikipedia,bbc,cleanenergywire,cleanenergywire,google
reuters,courthousenews,thefiscaltimes,wikipedia,euractiv,swp-berlin,cer,foreignaffairs,theguardian,google
reuters,pri,france24,jordantimes,timesofisrael,cbsnews,youtube,time,postguam,nytimes
reuters,washingtonpost,wikipedia,theguardian,jstor,newyorker,as-coa,reddit,time,crisisgroup
reuters,voanews,realclearreligion,noovell,blogspot,blogspot,slinkingtowardretirement,blogspot,blastingnews,google
reuters,hamodia,usnews,straitstimes,bbc,cnbc,voanews,compuserve,trust,google
reuters,brecorder,dw,bbc,vox,vox,wsj,apnews,apnews,bloomberg
reuters,washingtonpost,blogspot,t,ft,nytimes,reason,whatthefuckjusthappenedtoday,newzzapp,google
reuters,mtv,middleeasteye,wsj,tamu,nbcboston,arkansasonline,washingtonpost,theintercept,google
reuters,kyivpost,unian,wikipedia,researchgate,coe,fas,interfax,warsawinstitute,osce
reuters,reuters,yahoo,amnesty,thelocal,ohchr,wikipedia,courthousenews,hrw,coe
reuters,pinterest,noovell,blogspot,gefira,twitter,athensgreecenow,aljazeera,go,google
reuters,gulf-times,thisismoney,wikipedia,wikipedia,nytimes,jstor,virginia,cfr,civiliansinconflict
reuters,wenatcheeworld,algemeiner,ft,chronicle,memo,bostonglobe,theguardian,newsincyprus,wikipedia
reuters,middleeastmonitor,middleeastmonitor,theguardian,egyptindependent,foreignpolicy,alaraby,haaretz,hindustantimes,google
reuters,jpost,iranobserver,aol,yahoo,wikipedia,latimes,voanews,youtube,google
reuters,reuters,alarabiya,thestar,businessinsider,unodc,globaldetentionproject,businessday,nileinternational,un
reuters,president,thefirstnews,progress-index,wikipedia,gettyimages,pap,spokesman,polskieradio,apnews
reuters,omanobserver,justdial,theguardian,dispatcheseurope,scribblelive,newslocker,econstor,omfif,google
reuters,wikipedia,cnbc,economist,forbes,politico,state,hrw,blogspot,google
reuters,pinterest,swp-berlin,wikipedia,nbr,armscontrol,globalnews,vertic,csis,google
reuters,news18,businessinsider,businessinsider,brecorder,the-star,wikipedia,wikipedia,nnn,noovell
reuters,thenews,straitstimes,theregion,nytimes,payvand,wikipedia,foreignaffairs,newsincyprus,google
reuters,wikipedia,wikipedia,wikipedia,wikipedia,wikipedia,wikipedia,wikipedia,aljazeera,aljazeera
reuters,wsj,wsj,ai-cio,ft,as-coa,jstor,britannica,wikipedia,wikipedia
reuters,nytimes,wikipedia,wikipedia,ft,washingtonpost,wsj,cer,cnbc,theguardian
reuters,todayonline,yahoo,yahoo,ynetnews,egypttoday,azerbaycan24,jstor,wikipedia,google
reuters,nytimes,bbc,theintercept,haaretz,wikipedia,vox,vox,honestreporting,google
bbc,wsj,nytimes,cnn,cnn,cnbc,bloomberg,theguardian,theguardian,apnews
reuters,haaretz,therussophile,middleeastmonitor,middleeastmonitor,nytimes,rferl,jpost,timesofisrael,wgbh
reuters,thestar,yahoo,egypttoday,thefinancialexpress,thefiscaltimes,ednews,mehrnews,mtv,b92
reuters,blogspot,nationalarchives,noovell,state,blogspot,blogspot,wikipedia,dailymail,loc
reuters,nytimes,vox,wikipedia,novinite,aljazeera,washingtonpost,apnews,bbc,cnbc
reuters,washingtonpost,nytimes,kyivpost,thehill,politico,ecfr,justsecurity,theatlantic,google
reuters,straitstimes,arabnews,trust,angop,businessinsider,un,thedailystar,refworld,google
reuters,digitaljournal,jstor,naharnet,noovell,wikipedia,hrw,nytimes,middleeastmonitor,google
reuters,tass,tass,tass,tass,tass,thestar,todayonline,yahoo,yahoo
reuters,moi,bangkokpost,twitter,usnews,pinterest,tuoitrenews,thenews,cfr,google
reuters,theguardian,cgtn,cgtn,nytimes,nytimes,bbc,cnbc,wsj,europa
reuters,coe,coe,coe,coe,thenews,boell,europa,ruleoflaw,democracy-reporting
reuters,bangkokpost,qantara,nikkei,aa,todayonline,businessinsider,haaretz,youtube,tribune
reuters,nypost,canadadrugshortage,wunc,dailymail,fundforpeace,bmj,twitter,keepyourinnerarmystrong,google
reuters,liberianobserver,yahoo,thisismoney,facebook,financetime,nnn,wikipedia,google,
reuters,telegraph,wikipedia,wikipedia,insurancejournal,marketscreener,devdiscourse,investopedia,nytimes,google
reuters,todayonline,thestar,yahoo,trust,atlanticcouncil,gaziakademikbakis,un,globalpolicy,wikipedia
reuters,wikipedia,dw,dw,france24,thestar,efe,bbc,billboard,billboard
reuters,wikipedia,newsweek,twitter,usma,crisisgroup,newyorker,npr,bbc,sofrep
reuters,yahoo,euronews,handelsblatt,wikipedia,nytimes,theatlantic,newyorker,vox,rand
reuters,ndtv,ndtv,reddit,portalangop,pinterest,ft,gefira,chinafile,chinafile
reuters,wikipedia,wikipedia,armscontrol,jdasolutions,noovell,state,thehill,google,
reuters,reuters,abc,todayonline,msn,yahoo,yahoo,nbcnews,washingtonpost,newsweek
reuters,cbizforum,japantoday,wikipedia,dailymail,twitter,japantimes,msn,abc,noovell
reuters,bbc,bbc,bbc,euronews,nytimes,irishtimes,theguardian,ssrn,google
reuters,reuters,yahoo,yahoo,parliament,wikipedia,sbs,telegraph,bbc,theguardian
reuters,usnews,ewn,euronews,pinterest,ghheadlines,state,npr,blogspot,google
reuters,reddit,sbs,sbs,theguardian,bbc,abc,hoover,scmp,google
reuters,todayonline,yahoo,egypttoday,trust,thisismoney,bbc,nymag,aljazeera,theguardian
reuters,todayonline,pinterest,twitter,voanews,pinterest,bbc,politico,wikipedia,google
reuters,time,qatar-tribune,japantimes,bloomberg,bbc,sagepub,pulitzer,nikkei,google
reuters,reuters,theguardian,bbc,ft,ft,telegraph,wikipedia,euronews,mlpwealth
reuters,thestar,yahoo,blogspot,blogspot,nvcnews,noovell,blogspot,blogspot,google
reuters,reuters,cnn,qz,euronews,dailymail,theguardian,abc3340,europa,wset
reuters,yenisafak,thefrontierpost,pond5,lbcgroup,clicklancashire,nytimes,ecfr,wikipedia,google
reuters,yenisafak,ft,nytimes,cnbc,bbc,wikipedia,defensenews,aljazeera,theguardian
reuters,todayonline,everycrsreport,bbc,bbc,wikipedia,fas,theguardian,theguardian,google
reuters,reuters,todayonline,euobserver,nytimes,europa,europa,wikipedia,theguardian,wsj
reuters,reuters,yahoo,bbc,bbc,bbc,bbc,wikipedia,ft,nytimes
reuters,reddit,kmph,thebostonpilot,thebostonpilot,house,turnto10,riskscreen,wikipedia,wjla
reuters,reuters,apnews,standard,theguardian,theguardian,researchgate,accesswdun,rand,google
reuters,reuters,usnews,kyivpost,businessinsider,ft,ft,msn,imf,google
reuters,reuters,twitter,twitter,twitter,bbc,bbc,theguardian,europa,bbc
reuters,washingtonpost,washingtonpost,wikipedia,ft,cnbc,irishtimes,aol,europa,dw
reuters,bbc,todayonline,independent,independent,theguardian,theguardian,express,investopedia,ft
reuters,reuters,euronews,heraldscotland,independent,bbc,bbc,cnn,lse,theguardian
reuters,reuters,yahoo,theguardian,rte,scribblelive,bbc,wikipedia,scribblelive,consultfx
reuters,todayonline,nnn,yahoo,pmnewsnigeria,vox,theguardian,dailymail,nytimes,nytimes
reuters,ascfusa,cnbc,aljazeera,nytimes,scmp,themoscowtimes,whio,usnews,google
reuters,thisismoney,todayonline,indianexpress,congress,wikipedia,wikipedia,shlegal,politico,smallwarsjournal
reuters,reuters,parliament,independent,paulweiss,bbc,bbc,investopedia,wikipedia,europa
reuters,wikipedia,foreignpolicy,theguardian,cnbc,bbc,investopedia,irishtimes,irishtimes,euobserver
reuters,todayonline,theconversation,theguardian,theguardian,carnegieendowment,instituteforgovernment,brexitlawni,brookings,google
reuters,todayonline,youtube,youtube,theguardian,theguardian,newsobserver,ft,nytimes,thesun
reuters,bbc,congress,tandfonline,wikipedia,wikipedia,independent,ft,irishtimes,irishcentral
reuters,europa,wikipedia,euractiv,latimes,bbc,techcrunch,bbc,alahednews,google
theguardian,reuters,dailystar,samaa,azerbaycan24,metro,middleeastmonitor,hamodia,rferl,ynetnews
reuters,yahoo,telesurenglish,telesurenglish,voanews,jacobinmag,bbc,theconversation,newyorker,egyptindependent
wikipedia,reuters,pinterest,nytimes,wikipedia,facebook,justdial,noovell,japantimes,washingtonpost
reuters,theguardian,bbc,bbc,wikipedia,wikipedia,wikipedia,wikipedia,wikipedia,nytimes
bbc,reuters,wikipedia,europa,wsj,cnn,ft,vox,foreignpolicy,euobserver
reuters,theguardian,openedition,wikipedia,irishtimes,europa,euroflections,investing,researchgate,euronews
reuters,reuters,yahoo,yahoo,thestar,brecorder,youtube,youtube,wikipedia,tempo
reuters,thisismoney,justdial,dearborn,dzrhnews,blogspot,nytimes,jewishinsider,noovell,google
reuters,republicofmining,twitter,noovell,stockopedia,tyglobalist,stamfordglobal,resources,ipolitics,google
reuters,thestar,jpost,middleeastmonitor,alarabiya,baaz,apnews,arabnews,thebaghdadpost,google
reuters,thestar,xinhuanet,justdial,spacedaily,theguardian,channelnewsasia,ndtv,wetinhappen,google
reuters,noovell,msn,timelines,newssafety,insidehighered,schema-root,cornell,github,google
reuters,apnews,decisiveliberty,washingtontimes,nytimes,twitter,theepochtimes,washingtonpost,wikipedia,google
reuters,brecorder,apnews,wilsoncenter,fitchsolutions,ft,brazil,brasildefato,voanews,voanews
reuters,wikipedia,wikipedia,middleeasteye,cfr,crisisgroup,usma,hrw,aljazeera,mei
reuters,reuters,yenisafak,yenisafak,postcourier,france24,vice,adobe,aol,aol
reuters,voanews,yenisafak,news,nypost,usnews,politico,cbsnews,parlgov,marketwatch
reuters,wetinhappen,bloomberg,wsj,investing,thestar,usatoday,bloombergquint,clinique-veterinaire-des-saulniers,google
reuters,apnews,voanews,nbcnews,usatoday,washingtonpost,businessinsider,theguardian,nypost,chicagotribune
reuters,euronews,thestar,dailymotion,theguardian,nytimes,jimbakkershow,euractiv,vrt,brusselstimes
reuters,wsj,todayonline,cgtn,angop,portalangop,apnews,apnews,fol,unmissions
reuters,politifact,npr,nytimes,newsweek,wikipedia,thehill,thestar,vox,ewn
reuters,thegazette,wikipedia,ndtv,un,aljazeera,nytimes,theguardian,bbc,stuff
reuters,kyivpost,tsarizm,bakermckenzie,wikipedia,ponarseurasia,nytimes,twitter,twitter,google
reuters,yahoo,france24,theguardian,dw,wsj,wikipedia,cnn,ft,cnbc
reuters,washingtonpost,washingtonpost,haaretz,haaretz,wikipedia,usnews,nytimes,timesofisrael,jpost
reuters,voanews,dtnext,antiwar,bbc,bbc,thedailybeast,egypttoday,wilsoncenter,google
reuters,hurriyetdailynews,sbs,cgtn,apokoronasnews,wikipedia,newsincyprus,justlearnwp,twitter,google
reuters,cnbc,theguardian,theguardian,bbc,bbc,apnews,ft,wikipedia,nbcnews
reuters,omanobserver,wikipedia,wikiwand,wetinhappen,reddit,dailymail,foreignpolicy,nytimes,google
reuters,reuters,jpost,todayonline,rt,yahoo,haaretz,aljazeera,elbalad,google
reuters,whitehouse,whitehouse,nytimes,nytimes,npr,wsj,cnbc,chicagotribune,timesofisrael
reuters,washingtonpost,angop,tampabay,syracuse,cnbc,ndtv,jstreet,npr,nytimes
reuters,apnews,timesofisrael,youtube,youtube,youtube,youtube,youtube,youtube,go
reuters,firstpost,india,washingtonpost,armscontrol,latimes,theguardian,qfm96,scmp,google
reuters,economist,wikipedia,wikipedia,reddit,foreignpolicy,industrialequipmentcentre,rand,coe,google
reuters,wikipedia,europe,cnn,euractiv,irishtimes,thelocal,reddit,washingtonpost,google
reuters,reuters,timesofisrael,timesofisrael,washingtonpost,youtube,almasdarnews,ynetnews,haaretz,jakartaglobe
reuters,thezimbabwenewslive,theorionkenya,newslocker,sabcnews,africanews,wikipedia,wsau,pinterest,google
reuters,usnews,yahoo,thisismoney,debatypro,kyipost,echoukraine,hotelanalyst,boorsee,blogspot
reuters,reuters,sky,france24,politico,cleanenergywire,foreignpolicy,cnbc,wsj,aljazeera
reuters,reuters,nst,jpost,yahoo,thedailystar,thestar,wikipedia,thehill,google
reuters,reuters,thestar,lbcgroup,thenational,nytimes,un,un,swp-berlin,google
reuters,reuters,jpost,jpost,yahoo,trust,hurriyetdailynews,ncronline,nst,baaz
reuters,nation,scroll,economictimes,defence,pbs,wikipedia,crisisgroup,google,
reuters,aljazeera,thelocal,thelocal,dw,ft,politico,economist,theglobalist,google
reuters,todayonline,ynetnews,yahoo,hezbollah,britannica,everycrsreport,tandfonline,wikipedia,google
wikipedia,wikipedia,reuters,reuters,yahoo,angop,thisismoney,moneyweb,portalangop,financetime
reuters,pinterest,kyivpost,nileinternational,thefiscaltimes,democraticunderground,atlanticcouncil,monok,brookings,google
reuters,reuters,businessinsider,thestar,investing,investing,tass,washingtonpost,mid,newsweek
reuters,timesofisrael,timesofisrael,jpost,jpost,haaretz,i24news,youtube,youtube,aljazeera
reuters,todayonline,timesofisrael,al-monitor,swp-berlin,armscontrol,haaretz,wikipedia,vox,cfr
reuters,euractiv,euractiv,france24,theatlantic,hrw,neweasterneurope,aljazeera,dgap,aies
yahoo,aljazeera,reuters,reuters,theguardian,theguardian,theguardian,bbc,wikipedia,wikipedia
apnews,reuters,businessinsider,nydailynews,al-monitor,windsorstar,accesswdun,bbc,hrw,wikipedia
reuters,jpost,wikipedia,independent,nytimes,icct,adl,tandfonline,theguardian,siteintelgroup
reuters,washingtonpost,washingtonpost,thestar,mirror,wikipedia,tribuneindia,tribuneindia,aph,globalcitizen
reuters,nytimes,wikipedia,thehill,senate,pinterest,piie,tandfonline,bondvigilantes,google
wikipedia,reuters,unhcr,hrw,hrw,hrw,hrw,hrw,unocha,bbc
reuters,npr,bbc,statewatch,theguardian,wikipedia,commondreams,dw,dw,google
reuters,indiatimes,indiatimes,washingtondailyreport,wikipedia,twofingers,dailymotion,britannica,reddit,google
reuters,cgtn,cgtn,straitstimes,nytimes,blogspot,govinfo,dailymail,google,wikipedia
npr,reuters,aawsat,abs-cbn,pizzamarketplace,thedailystar,tripadvisor,naples15,theguardian,canadianpizzamag
reuters,todayonline,jpost,qatar-tribune,newsincyprus,cnn,haaretz,jakartaglobe,trtworld,google
reuters,noovell,theguardian,bangkokpost,bangkokpost,iranian,wikipedia,wikipedia,mobile-house,google
reuters,yahoo,telegraph,dw,nypost,flipboard,thisisplace,ghheadlines,semissourian,google
voanews,reuters,euronews,euobserver,apnews,theguardian,wikipedia,wikipedia,euractiv,bbc
reuters,servehttp,asj-oa,4-traders,noovell,france24,108.167.182.209,comillas,google,
nytimes,reuters,sofrep,wikipedia,wikipedia,wikipedia,wikipedia,wikipedia,hamodia,jpost
reuters,hrf,reddit,apnews,hungarytoday,wikipedia,seattletimes,economist,politico,counterextremism
reuters,wetinhappen,twitter,wikipedia,fpri,gwu,ethz,foxnews,icsr,google
reuters,jpost,yahoo,egypttoday,hurriyetdailynews,washingtonpost,washingtonpost,infowars,pinterest,mtv
reuters,ynetnews,wikipedia,trendolizer,nytimes,politifact,jpost,un,antiwar,google
reuters,timesofisrael,jpost,thejc,protothema,dailymail,newsbreak,dutchnews,israelnationalnews,jewishbreakingnews
scmp,reuters,blogspot,timesofisrael,blogspot,blogspot,wikipedia,phillytrib,blogspot,google
reuters,voiceofeurope,jihadwatch,timesofisrael,newsweek,breitbart,wilsoncenter,dw,wikipedia,google
reuters,news,egypttoday,tass,yenisafak,jpost,wikipedia,wikipedia,haaretz,google
reuters,yahoo,nnn,pond5,ifri,crisisgroup,mei,atlanticcouncil,cidob,google
reuters,thestar,yenisafak,egypttoday,yahoo,yahoo,todayonline,timesofisrael,businessinsider,google
reuters,reuters,yahoo,thestar,jpost,trust,ynetnews,khaleejtimes,lbcgroup,google
reuters,geo,jpost,whitehouse,thehindu,ispionline,timesofisrael,cfr,cfr,wikipedia
reuters,haaretz,royanews,twitter,surewordprophecy,informationclearinghouse,iraqinews,noovell,rand,google
reuters,ynetnews,aljazeera,wikipedia,noovell,dzbreaking,go,haaretz,blogspot,google
reuters,angop,tribuneindia,businesslive,portalangop,aljazeera,washingtonpost,brookings,thevotingnews,google
reuters,apnews,go,occrp,youtube,youtube,youtube,youtube,660citynews,abc
reuters,thisismoney,express,twitter,twitter,bbc,dailysabah,noovell,usnews,google
reuters,thestar,ekathimerini,yahoo,timesofisrael,usnews,yourvalley,rudaw,nytimes,thenationalherald
reuters,reuters,todayonline,mtv,middleeastonlinenews,nna-leb,nna-leb,antiwar,qatarnewswire,scoopernews
yahoo,reuters,yahoo,france24,parstoday,bloomberg,dzbreaking,apnews,limacharlienews,radiofarda
reuters,thestar,yahoo,yahoo,businessinsider,wikipedia,uniindia,rferl,theguardian,google
reuters,wikipedia,aljazeera,theatlantic,bbc,nytimes,electoralcommission,ft,foreignpolicy,thejc
reuters,jpost,jpost,todayonline,thestar,facebook,angop,portalangop,yahoo,theiranproject
reuters,aawsat,pinterest,etemaaddaily,business-standard,chinadailyhk,justdial,njchurchinsurance,nytimes,google
reuters,dailymail,pinterest,ft,madisoncountyema,theatlantic,foreignpolicy,buzzfeednews,wikipedia,vox
reuters,cbsnews,pri,huffpost,france24,time,bbc,wikipedia,wikipedia,scmp
reuters,angop,todayonline,yenisafak,yahoo,bloomberg,aljazeera,wikipedia,wikipedia,nna-leb
reuters,reuters,defensenews,bbc,thisismoney,pinterest,newindianexpress,foreignpolicy,qz,google
reuters,investopedia,europa,wikipedia,cer,cnn,pinterest,pinterest,irishtimes,google
reuters,wikipedia,politico,politico,express,express,investing,aljazeera,go,time
reuters,thestar,straitstimes,ynetnews,news18,dhakatribune,yahoo,hamodia,politifact,wikipedia
reuters,angop,businessinsider,portalangop,dailystar,theglobepost,lbcgroup,outlookindia,trtworld,neonetwork
reuters,thestar,businessinsider,newsweek,egypttoday,youtube,youtube,nationalinterest,af,af
reuters,nestia,wsj,jpost,newzzapp,trust,npr,dw,twincities,google
reuters,jpost,yahoo,theguardian,maryland,hindustantimes,wikipedia,wikipedia,wilsoncenter,teakdoor
reuters,businessinsider,unitedagainstnucleariran,todayonline,nytimes,nytimes,washingtonpost,wikipedia,wikipedia,apnews
reuters,reuters,thestar,arabnews,egypttoday,wikipedia,wikipedia,ucpress,aljazeera,google
reuters,ynetnews,ekathimerini,novinite,lbcgroup,jpost,malaymail,ahvalnews,nypost,google
reuters,firstpost,baaz,nytimes,latimes,kyivpost,wikipedia,brookings,uh,google
reuters,aljazeera,aljazeera,al-monitor,theguardian,theguardian,wikipedia,timesofisrael,ajc,nytimes
reuters,egypttoday,forward,wikipedia,jakartaglobe,ynetnews,ammonnews,uniindia,middleeastaffairs,google
reuters,jpost,concise,wikipedia,pond5,pond5,royanews,mirror,middleeasteye,sunny95
reuters,bbc,wikipedia,wikipedia,wikipedia,wikipedia,wikipedia,jpost,timesofisrael,timesofisrael
reuters,wikipedia,wikipedia,thisismoney,newyorker,france24,nytimes,commondreams,everything,google
reuters,spacedaily,trust,iter,iter,phys,japantimes,reddit,business-standard,outlookindia
reuters,nytimes,noovell,usnews,creedpolitico,creedpolitico,xinhuanet,dailyworld,bbc,google
reuters,jpost,jakartaglobe,thestar,thejakartapost,indonesia-investments,wikipedia,mainichi,thediplomat,timesofisrael
reuters,screenocean,oregonlegislature,crisisgroup,unam,wikipedia,wikipedia,hrw,unm,nytimes
reuters,jpost,yahoo,khaleejtimes,samaa,businessinsider,thisismoney,interaksyon,wikipedia,google
reuters,yahoo,apnews,apnews,dw,theguardian,bbc,foreignpolicy,theglobepost,un
reuters,travelwirenews,aljazeera,wikipedia,youtube,youtube,wsj,theguardian,justdial,propublica
reuters,thestar,abs-cbn,gmanetwork,hrw,theguardian,euronews,rfa,house,businessinsider
reuters,srnnews,wikipedia,nytimes,nytimes,theguardian,cnn,channelnewsasia,twitter,wsj
reuters,democraticunderground,noovell,latinnews,ticotimes,cepr,therealnews,wooster,democracynow,bbc
reuters,timesofisrael,independent,nypost,jpost,thaivisa,wikipedia,democraticunderground,dohainstitute,google
reuters,samaa,wikipedia,bbc,coastmountainnews,nationalpost,ctvnews,ctvnews,calgaryherald,google
reuters,wikipedia,nbcnews,creighton,middleeastmonitor,yalejournal,haaretz,wethealliance,nationalpost,google
reuters,wikipedia,wikipedia,fas,britannica,infodio,nytimes,theguardian,treasury,google
reuters,lastminutestuff,scmp,channelnewsasia,japantimes,theguardian,theatlantic,nikkei,nypost,wsj
reuters,theguardian,foreignpolicy,unodc,aljazeera,sipri,dhs,google,,
reuters,parliament,theguardian,newyorker,wsj,bbc,cnbc,cnn,irishtimes,wikipedia
reuters,youtube,youtube,thehill,jordantimes,jpost,wikipedia,timesofisrael,timesofisrael,un
reuters,reuters,realcleardefense,wikipedia,ndtv,pinterest,thehill,nytimes,bbc,theintercept
reuters,thisismoney,yahoo,nytimes,ft,politico,politico,dw,ecfr,google
reuters,reuters,thestar,yahoo,dzbreaking,wikipedia,un,un,un,middleeasteye
reuters,reuters,egypttoday,yahoo,oas,foreignaffairs,carnegieendowment,cepr,bbc,google
reuters,businessinsider,panama-offshore-services,europa,wikipedia,wikipedia,eiu,taxlinked,euractiv,sirronaldsanders
reuters,reuters,nytimes,wikipedia,washingtonpost,tempo,egypttoday,972mag,timesofisrael,cnn
bbc,reuters,tribuneindia,tribuneindia,pinterest,pinterest,morungexpress,express,facebook,businesstimes
reuters,wsj,newsweek,cnn,thehill,npr,foreignaffairs,understandingwar,thefiscaltimes,theatlantic
reuters,egypttoday,usembassy,state,insuremytrip,usatoday,osac,businessinsider,travel,cwtsatotravel
reuters,egyptindependent,businessinsider,thestar,euronews,euronews,wikipedia,aljazeera,wmcactionnews5,google
reuters,bbc,wikipedia,wikipedia,washingtonpost,theguardian,theguardian,independent,youtube,youtube
reuters,al-monitor,cnn,nytimes,washingtonpost,wsj,vox,nbcnews,bbc,rferl
reuters,bbc,wikipedia,wikipedia,washingtonpost,theguardian,theguardian,independent,youtube,youtube
reuters,thestar,voanews,youtube,youtube,youtube,wikipedia,apnews,safetravelsmagazine,avtonom
reuters,reddit,wikipedia,wikipedia,georgetown,undp,unco,snopes,cia,google
reuters,apnews,theguardian,theguardian,bbc,bbc,independent,nytimes,aljazeera,courthousenews
reuters,jpost,timesofisrael,trust,xinhuanet,chinadaily,straitstimes,nationalreview,anews,google
reuters,reuters,jpost,thestar,todayonline,freebeacon,haaretz,jns,timesofisrael,google
reuters,thewire,thewire,euractiv,politico,theguardian,theguardian,nytimes,ipri,google
reuters,thestar,africanews,washingtonpost,theatlantic,thenation,mediapart,nytimes,trust,google
reuters,thestar,egypttoday,lbcgroup,nytimes,xinhuanet,washingtonpost,worldpoliticsreview,politico,google
reuters,thestar,yahoo,yahoo,trust,egypttoday,article19,un,un,moroccoworldnews
reuters,reuters,euractiv,jpost,todayonline,nytimes,nytimes,ednh,timesofisrael,aljazeera
reuters,middleeasteye,haaretz,foreignpolicy,xinhuanet,wikipedia,nytimes,middleeastmonitor,bbc,newsweek
cnbc,reuters,euractiv,thedailystar,lse,bbc,rand,independent,jstor,fas
reuters,thestar,yahoo,uniindia,egypttoday,sol,wikipedia,wikipedia,everycrsreport,fas
reuters,eureporter,eureporter,thaivisa,pinterest,twitter,pinterest,indiatimes,wacstl,google
reuters,apnews,vox,xinhuanet,aljazeera,wikipedia,forward,youtube,youtube,c-span
reuters,nytimes,jta,wikipedia,wikipedia,theguardian,theguardian,npr,cnbc,thesun
reuters,tempo,timesofisrael,whitehouse,suchtv,wsj,jweekly,wikipedia,mepc,aljazeera
reuters,todayonline,aldiplomasy,egypttoday,businessinsider,egyptianstreets,ballotpedia,fas,wikipedia,imemc
reuters,todayonline,yahoo,uniindia,egypttoday,thisismoney,wikipedia,wikipedia,labourstart,google
reuters,businessinsider,thestar,facebook,todayonline,youtube,arynews,thisismoney,whitehouse,wikipedia
reuters,reuters,yahoo,thisismoney,angop,ghheadlines,nnn,portalangop,wikipedia,google
reuters,politico,wsj,nbcnews,ieej,cnn,wikipedia,cambridge,ucpress,npr
europa,reuters,businessinsider,euobserver,europa,europa,europa,europa,europa,euractiv
reuters,reuters,todayonline,egypttoday,malaymail,yahoo,rand,aljazeera,fas,almanar
reuters,reuters,cgtn,apnews,egypttoday,wikipedia,theguardian,bbc,france24,ft
reuters,todayonline,egypttoday,dailysabah,tempo,thisismoney,hurriyetdailynews,xinhuanet,timesofisrael,google
reuters,todayonline,firstpost,forward,straitstimes,straitstimes,un,un,un,youtube
reuters,jpost,bbc,twitter,un,setav,honestreporting,rand,wsj,google
reuters,jpost,jpost,bloomberg,wikipedia,wikipedia,theguardian,france24,pinterest,google
reuters,france24,wsj,wikipedia,thestar,newyorker,theguardian,politico,scoopnest,google
reuters,tempo,theguardian,wikipedia,pinterest,washingtonpost,dw,thejournal,sacbee,google
reuters,wikipedia,usnews,bbc,nypost,nytimes,vox,newyorker,nbcnews,theguardian
reuters,newslocker,newsunited,timeanddate,pinterest,theguardian,iaces,google,,
reuters,firstpost,wsj,nytimes,wetinhappen,apnews,armscontrol,crisisgroup,spearheadresearch,google
reuters,thestar,yahoo,drulap,kryhta,noovell,antiwar,blogspot,wadr,google
reuters,blogspot,blogspot,noovell,noovell,twitter,allgov,google,,
reuters,reuters,novinite,cfr,wikipedia,eupinions,trust,cairn-int,europa,economist
reuters,news18,irishtimes,aol,aol,ft,twitter,reddit,theguardian,utterbuzz
reuters,radiofarda,thestar,businessinsider,yahoo,hamodia,cfr,wikipedia,mepc,nbcnews
reuters,medicaldialogues,thefiscaltimes,pharmacommons,the-scientist,indiatimes,indiatimes,studypool,independent,stockopedia
reuters,reddit,wikipedia,nytimes,crisisgroup,theintercept,npr,wsj,usma,google
reuters,todayonline,egypttoday,dailystar,wetinhappen,timesofisrael,timesofisrael,wikipedia,hrw,google
reuters,angop,nnn,wikipedia,dw,dw,antiwar,jstor,washingtonpost,theguardian
reuters,thisismoney,wikipedia,twitter,bbc,theguardian,israeled,oup,aljazeera,armscontrol
reuters,reuters,gulf-times,presstv,globalaffairs,pond5,dayan,wikipedia,tv7israelnews,google
reuters,todayonline,straitstimes,thestar,timesofisrael,youtube,usatoday,counton2,aa,whitehouse
reuters,yahoo,wikipedia,wikipedia,getbritainout,newslocker,shopforever,investopedia,twitter,google
reuters,morningstaronline,noovell,tandfonline,presstv,researchgate,nytimes,bhpioneer,hurriyetdailynews,google
reuters,youtube,youtube,foreignpolicy,washingtonpost,ahvalnews,haaretz,nytimes,wikipedia,wikipedia
reuters,gulf-times,wikipedia,nytimes,cfr,wsj,aljazeera,al-monitor,startribune,foreignaffairs
reuters,reuters,thestar,investing,mintpressnews,blogspot,criticalthreats,nrc,npr,google
reuters,kyivpost,rferl,twitter,blogspot,newsincyprus,voanews,europeanforum,blogspot,youtube
reuters,circuitdebater,noovell,scoopnest,wikipedia,theguardian,sc,todaytells,economist,icps
reuters,ghheadlines,twitter,twitter,wikipedia,cartercenter,cartercenter,ifes,pomed,eods
reuters,angop,wikipedia,wikipedia,nytimes,ft,washingtonpost,jstor,theguardian,google
reuters,ewn,baaz,cnbc,bbc,aljazeera,aljazeera,france24,timesofisrael,nytimes
